1691009260.794804066: Position, 3.08416, 0.00564585, 1.25922
 Orientation: -0.0798779, -0.0348428, 0.170328, -0.981526
1691009260.804478310: Position, 3.07258, 0.00470901, 1.2593
 Orientation: -0.0903372, -0.03907, 0.165749, -0.981244
1691009260.834528166: Position, 3.02563, 0.00231859, 1.26402
 Orientation: -0.124154, -0.0392384, 0.146019, -0.980676
1691009260.844551930: Position, 3.01351, 0.00566127, 1.26101
 Orientation: 0.0107093, -0.0127266, 0.156539, -0.987532
1691009260.854551741: Position, 3.00243, 0.00397881, 1.26302
 Orientation: 0.0120216, -0.00725701, 0.152707, -0.988172
1691009260.854621739: Position, 2.991, 0.00500767, 1.2657
 Orientation: 0.0194385, 0.00280384, 0.137659, -0.990285
1691009260.864519548: Position, 2.97943, 0.00165999, 1.26713
 Orientation: 0.000518149, -0.00420571, 0.147973, -0.988982
1691009260.884681270: Position, 2.95692, 0.000249421, 1.2708
 Orientation: 0.0142832, 0.0019735, 0.144927, -0.989337
1691009260.904609234: Position, 2.93522, -0.0059403, 1.27978
 Orientation: -0.130747, -0.0311882, 0.119463, -0.983698
1691009260.944554285: Position, 2.88205, -0.0128074, 1.29243
 Orientation: -0.161245, -0.0376703, 0.110102, -0.98003
1691009261.034605154: Position, 2.76984, -0.0268982, 1.30387
 Orientation: -0.135928, -0.0681675, 0.0903384, -0.984234
1691009261.054598540: Position, 2.73976, -0.0294061, 1.30218
 Orientation: -0.102639, -0.0534465, 0.0848109, -0.989654
1691009261.074625866: Position, 2.71768, -0.0288373, 1.29765
 Orientation: -0.00378089, -0.0254804, 0.0948769, -0.995156
1691009261.094554897: Position, 2.69672, -0.0282716, 1.29612
 Orientation: -0.0126671, -0.0196049, 0.0768605, -0.996769
1691009261.104556751: Position, 2.67393, -0.0322791, 1.29254
 Orientation: -0.00692277, -0.0242553, 0.0926185, -0.995382
1691009261.114530326: Position, 2.66462, -0.0363335, 1.29353
 Orientation: -0.0894487, -0.0440582, 0.0831838, -0.991533
1691009261.124526050: Position, 2.65327, -0.0391806, 1.29344
 Orientation: -0.18138, -0.0696311, 0.0714025, -0.978343
1691009261.144557181: Position, 2.631, -0.039759, 1.28965
 Orientation: -0.114391, -0.0531707, 0.0791994, -0.988845
1691009261.154529716: Position, 2.6088, -0.0359359, 1.28249
 Orientation: -0.0152828, -0.00587637, 0.0633976, -0.997854
1691009261.164544743: Position, 2.598, -0.0401616, 1.27888
 Orientation: -0.00856949, -0.011691, 0.0817709, -0.996546
1691009261.174526495: Position, 2.58597, -0.0398527, 1.2772
 Orientation: -0.0113547, -0.0169625, 0.0858243, -0.996101
1691009261.194567880: Position, 2.56407, -0.0430129, 1.27379
 Orientation: 0.00540883, -0.0179762, 0.0700136, -0.997369
1691009261.204551739: Position, 2.5533, -0.0435624, 1.27044
 Orientation: -0.0161141, -0.0139174, 0.0747475, -0.996975
1691009261.234583183: Position, 2.5109, -0.0498482, 1.26366
 Orientation: -0.082413, -0.0414504, 0.063614, -0.993702
1691009261.254568551: Position, 2.48811, -0.0497147, 1.25821
 Orientation: -0.0155468, -0.0224254, 0.0631588, -0.99763
1691009261.294567614: Position, 2.43213, -0.0538887, 1.24863
 Orientation: -0.0231953, -0.0275917, 0.0667143, -0.997121
1691009261.304460275: Position, 2.42123, -0.0563215, 1.24956
 Orientation: -0.102372, -0.0531224, 0.0592115, -0.99156
1691009261.304484054: Position, 2.40972, -0.0543924, 1.24553
 Orientation: -0.024049, -0.0294457, 0.0617753, -0.997366
1691009261.324495238: Position, 2.38599, -0.0547141, 1.24288
 Orientation: -0.0182408, -0.0284435, 0.0616615, -0.997525
1691009261.344585937: Position, 2.36176, -0.0542063, 1.24095
 Orientation: -0.0111234, -0.0253985, 0.0621397, -0.997682
1691009261.374563329: Position, 2.31708, -0.0586098, 1.24003
 Orientation: -0.10203, -0.0622986, 0.0486136, -0.991638
1691009261.384574311: Position, 2.30512, -0.0536972, 1.23559
 Orientation: -0.00491707, -0.0200084, 0.0598222, -0.997996
1691009261.394532802: Position, 2.29503, -0.0555064, 1.23364
 Orientation: -0.0038573, -0.0201146, 0.0590107, -0.998047
1691009261.404570127: Position, 2.28325, -0.0573791, 1.23446
 Orientation: -0.0749712, -0.0437694, 0.052755, -0.994827
1691009261.404626109: Position, 2.27255, -0.058448, 1.23413
 Orientation: -0.0786539, -0.0456282, 0.0488456, -0.994659
1691009261.444572160: Position, 2.22789, -0.0559096, 1.23111
 Orientation: -0.0681677, -0.0342307, 0.0553267, -0.99555
1691009261.484572702: Position, 2.17167, -0.0532705, 1.22686
 Orientation: -0.0428655, -0.0298524, 0.0573037, -0.996989
1691009261.494562246: Position, 2.16009, -0.0536895, 1.22852
 Orientation: -0.0853833, -0.0420759, 0.0578756, -0.993775
1691009261.504553207: Position, 2.13609, -0.0493302, 1.22478
 Orientation: 0.0199515, -0.00945359, 0.0737446, -0.997033
1691009261.544571450: Position, 2.09392, -0.0504566, 1.22517
 Orientation: -0.0685883, -0.0375683, 0.0623317, -0.994987
1691009261.554568549: Position, 2.07238, -0.0445552, 1.22207
 Orientation: 0.0227433, -0.00211406, 0.0604907, -0.997907
1691009261.604881649: Position, 2.01976, -0.0448412, 1.21977
 Orientation: -0.0327117, -0.0296227, 0.0709156, -0.996506
1691009261.614502363: Position, 1.99799, -0.0442096, 1.22038
 Orientation: -0.0798956, -0.0476401, 0.0650909, -0.993534
1691009261.644534732: Position, 1.9661, -0.0415301, 1.21725
 Orientation: -0.04142, -0.0366453, 0.0722761, -0.99585
1691009261.674549423: Position, 1.92369, -0.0372679, 1.21302
 Orientation: -0.0165444, -0.0345306, 0.0708232, -0.996754
1691009261.694583156: Position, 1.90293, -0.0364407, 1.2121
 Orientation: -0.0422241, -0.0463391, 0.0657232, -0.995867
1691009261.704567270: Position, 1.89171, -0.0349094, 1.21163
 Orientation: -0.0354416, -0.0445364, 0.0727257, -0.995727
1691009261.704618624: Position, 1.88149, -0.0329768, 1.20934
 Orientation: -0.00782639, -0.0376996, 0.0694229, -0.996844
1691009261.724699450: Position, 1.85884, -0.0289999, 1.20649
 Orientation: 0.0341634, -0.0267825, 0.0746721, -0.996263
1691009261.734611161: Position, 1.84925, -0.0305063, 1.20771
 Orientation: -0.0271945, -0.045393, 0.0708252, -0.996084
1691009261.744528119: Position, 1.83876, -0.0304758, 1.20709
 Orientation: -0.0751165, -0.0565988, 0.06542, -0.993416
1691009261.754570621: Position, 1.8284, -0.0292296, 1.20693
 Orientation: -0.0787679, -0.0611315, 0.0686717, -0.992644
1691009261.754628130: Position, 1.81776, -0.0276533, 1.20565
 Orientation: -0.0535423, -0.0546333, 0.0688789, -0.994688
1691009261.774603537: Position, 1.79641, -0.0254135, 1.20348
 Orientation: -0.0410373, -0.0470982, 0.0691331, -0.99565
1691009261.804597519: Position, 1.76554, -0.0225157, 1.20285
 Orientation: -0.0646297, -0.0574998, 0.0664052, -0.994036
1691009261.814491647: Position, 1.74468, -0.0174925, 1.19956
 Orientation: 0.0309907, -0.0251625, 0.0705909, -0.996706
1691009261.824592617: Position, 1.73457, -0.0187857, 1.20124
 Orientation: -0.056194, -0.0519613, 0.0679798, -0.994747
1691009261.834516407: Position, 1.72425, -0.0176663, 1.20119
 Orientation: -0.0737318, -0.052787, 0.0656614, -0.993713
1691009261.844572877: Position, 1.71421, -0.0165987, 1.20134
 Orientation: -0.05157, -0.0504195, 0.0685591, -0.995037
1691009261.854528855: Position, 1.70331, -0.0101704, 1.20004
 Orientation: 0.0290925, -0.017407, 0.0612615, -0.997546
1691009261.854601836: Position, 1.69338, -0.0124099, 1.19903
 Orientation: 0.0360296, -0.021395, 0.0729831, -0.996453
1691009261.864581415: Position, 1.68295, -0.0128419, 1.20262
 Orientation: -0.0637709, -0.0539924, 0.0672211, -0.994233
1691009261.874550483: Position, 1.67275, -0.0104175, 1.20143
 Orientation: -0.0308509, -0.0376273, 0.0698916, -0.996367
1691009261.884522954: Position, 1.66158, -0.00574716, 1.20055
 Orientation: 0.037257, -0.0165818, 0.0775253, -0.996156
1691009261.894483314: Position, 1.65243, -0.00355332, 1.20188
 Orientation: 0.0337221, -0.00533145, 0.0592385, -0.99766
1691009261.904590917: Position, 1.64238, -0.00139145, 1.20243
 Orientation: 0.0279653, -0.00466205, 0.0587746, -0.997869
1691009261.904658985: Position, 1.63257, -0.00374823, 1.20209
 Orientation: 0.0347786, -0.00682415, 0.0760446, -0.996474
1691009261.914525760: Position, 1.62293, -0.00407524, 1.20531
 Orientation: -0.0407031, -0.0286385, 0.0711445, -0.996224
1691009261.924585978: Position, 1.61374, -0.00316791, 1.20674
 Orientation: -0.0558532, -0.0324712, 0.0698034, -0.995467
1691009261.934496905: Position, 1.60399, -0.00155482, 1.20771
 Orientation: -0.0615274, -0.030705, 0.0687178, -0.995264
1691009261.944587646: Position, 1.59448, -0.00175136, 1.20981
 Orientation: -0.0715021, -0.0384851, 0.072203, -0.994079
1691009261.954548084: Position, 1.58574, -0.000499405, 1.21143
 Orientation: -0.109657, -0.0444091, 0.0638289, -0.990923
1691009261.954600992: Position, 1.5767, -0.00036668, 1.21135
 Orientation: -0.0766047, -0.0365211, 0.0693698, -0.993975
1691009261.974583580: Position, 1.55951, 0.00303536, 1.21271
 Orientation: -0.0502876, -0.0341691, 0.0744846, -0.995367
1691009261.984619031: Position, 1.54889, 0.00704472, 1.21169
 Orientation: 0.0416789, -0.00755671, 0.0873673, -0.995275
1691009261.994547922: Position, 1.54108, 0.00935416, 1.21343
 Orientation: 0.0434953, 0.000563777, 0.0687961, -0.996682
1691009262.004591713: Position, 1.53258, 0.0109421, 1.21467
 Orientation: 0.0428871, 0.00216773, 0.0629867, -0.99709
1691009262.004647684: Position, 1.5238, 0.00838673, 1.21454
 Orientation: 0.0495281, -0.00530459, 0.081712, -0.995411
1691009262.024645839: Position, 1.50486, 0.0111067, 1.21706
 Orientation: 0.0526343, -0.0075633, 0.0855009, -0.994918
1691009262.034563478: Position, 1.49783, 0.00833555, 1.22157
 Orientation: -0.0712106, -0.043118, 0.066102, -0.994334
1691009262.044583006: Position, 1.4883, 0.00973834, 1.22151
 Orientation: -0.0456422, -0.0335231, 0.07092, -0.995873
1691009262.054495853: Position, 1.48023, 0.0105658, 1.22371
 Orientation: -0.0831775, -0.0444725, 0.0682, -0.993203
1691009262.054551652: Position, 1.47182, 0.0120252, 1.22243
 Orientation: -0.0188432, -0.0258605, 0.0759451, -0.996598
1691009262.064572318: Position, 1.46277, 0.0150579, 1.22053
 Orientation: 0.0621126, -0.00291713, 0.0795634, -0.994889
1691009262.084598925: Position, 1.44573, 0.0152694, 1.22159
 Orientation: -0.00234309, -0.0109868, 0.0758743, -0.997054
1691009262.104600464: Position, 1.42856, 0.0146045, 1.22631
 Orientation: -0.0733401, -0.0434299, 0.072916, -0.993689
1691009262.104655665: Position, 1.42003, 0.016143, 1.22591
 Orientation: -0.0537969, -0.0375702, 0.0773762, -0.99484
1691009262.114585109: Position, 1.41106, 0.017176, 1.22472
 Orientation: 0.000117937, -0.0201984, 0.078886, -0.996679
1691009262.124585068: Position, 1.40239, 0.017465, 1.22667
 Orientation: -0.0336027, -0.03721, 0.0818511, -0.995383
1691009262.134607146: Position, 1.39402, 0.0194503, 1.22386
 Orientation: -0.00181693, -0.018721, 0.0840412, -0.996285
1691009262.144619747: Position, 1.38525, 0.0238984, 1.22299
 Orientation: 0.059935, 0.00394742, 0.0749953, -0.995373
1691009262.154605624: Position, 1.37668, 0.0216865, 1.22205
 Orientation: 0.0630261, -0.00399622, 0.0920942, -0.993746
1691009262.154665482: Position, 1.36843, 0.0213086, 1.22267
 Orientation: 0.0198411, -0.0206143, 0.0859958, -0.995885
1691009262.164528532: Position, 1.36014, 0.0195927, 1.2261
 Orientation: -0.101023, -0.0514134, 0.0841758, -0.989983
1691009262.174572561: Position, 1.3512, 0.0199326, 1.22652
 Orientation: -0.14302, -0.0641981, 0.0744952, -0.984822
1691009262.184579832: Position, 1.34234, 0.0220397, 1.2233
 Orientation: -0.0645282, -0.0447997, 0.0855237, -0.993235
1691009262.194569773: Position, 1.33353, 0.0229415, 1.22228
 Orientation: -0.0563396, -0.0402277, 0.089207, -0.993604
1691009262.204610319: Position, 1.32467, 0.0247594, 1.21951
 Orientation: -0.00138981, -0.0294571, 0.0939666, -0.995138
1691009262.204670888: Position, 1.31407, 0.0278241, 1.21697
 Orientation: 0.0679842, -0.0119829, 0.106553, -0.991908
1691009262.214605920: Position, 1.30571, 0.0290285, 1.21543
 Orientation: 0.0651905, -0.0121764, 0.106686, -0.992079
1691009262.224630867: Position, 1.29745, 0.03084, 1.21493
 Orientation: 0.0659384, -0.00246397, 0.0900673, -0.993747
1691009262.234525261: Position, 1.28869, 0.0317636, 1.21381
 Orientation: 0.0684137, -0.00237834, 0.093106, -0.9933
1691009262.244590120: Position, 1.27989, 0.032668, 1.21197
 Orientation: 0.0675483, -0.0057072, 0.0902449, -0.99361
1691009262.254563624: Position, 1.26182, 0.0288571, 1.21223
 Orientation: -0.0539289, -0.0443993, 0.0978843, -0.992743
1691009262.264592696: Position, 1.25376, 0.028659, 1.21123
 Orientation: -0.072265, -0.0489624, 0.103089, -0.990835
1691009262.274569288: Position, 1.24415, 0.0302713, 1.20845
 Orientation: -0.0424643, -0.0397784, 0.104184, -0.992855
1691009262.284628335: Position, 1.23463, 0.0311247, 1.20578
 Orientation: -0.00893252, -0.0322249, 0.109774, -0.993394
1691009262.294566438: Position, 1.22604, 0.0327682, 1.20178
 Orientation: 0.0738864, -0.00973579, 0.116919, -0.990341
1691009262.304566261: Position, 1.21709, 0.03647, 1.20117
 Orientation: 0.0686546, -0.00413529, 0.102795, -0.992322
1691009262.304620453: Position, 1.20803, 0.0365583, 1.19896
 Orientation: 0.0669519, -0.00776524, 0.102977, -0.992398
1691009262.314450487: Position, 1.19865, 0.0365204, 1.19714
 Orientation: 0.0710071, -0.00545784, 0.108511, -0.991541
1691009262.324625201: Position, 1.19026, 0.0375703, 1.19483
 Orientation: 0.068721, -0.00500087, 0.104524, -0.992133
1691009262.334536679: Position, 1.18087, 0.0370975, 1.19308
 Orientation: 0.0666509, -0.00775912, 0.113015, -0.991325
1691009262.344615828: Position, 1.17164, 0.038193, 1.19118
 Orientation: 0.0770796, -0.00442094, 0.113931, -0.990484
1691009262.354583308: Position, 1.1633, 0.0322367, 1.19225
 Orientation: -0.0589072, -0.045359, 0.121777, -0.989769
1691009262.364558087: Position, 1.14482, 0.032771, 1.18837
 Orientation: -0.0481621, -0.0423005, 0.124641, -0.990129
1691009262.374571014: Position, 1.13538, 0.0381125, 1.18358
 Orientation: 0.0779749, -0.00378958, 0.120383, -0.989653
1691009262.384555702: Position, 1.12622, 0.0384439, 1.18134
 Orientation: 0.0775385, -0.00876615, 0.117343, -0.990021
1691009262.394504904: Position, 1.11716, 0.0380884, 1.17971
 Orientation: 0.0737372, -0.00855969, 0.119997, -0.989995
1691009262.404563251: Position, 1.10829, 0.0384287, 1.17777
 Orientation: 0.0725623, -0.00659842, 0.116585, -0.990505
1691009262.404630635: Position, 1.0986, 0.0376934, 1.17616
 Orientation: 0.0756052, -0.00431703, 0.119212, -0.989977
1691009262.414502162: Position, 1.08833, 0.0345955, 1.17348
 Orientation: 0.0768929, -0.00645177, 0.135789, -0.987728
1691009262.424564029: Position, 1.08007, 0.0368676, 1.1729
 Orientation: 0.0699858, 0.00118352, 0.120021, -0.990301
1691009262.434560759: Position, 1.07087, 0.0353129, 1.17144
 Orientation: 0.0678109, 0.00258636, 0.1176, -0.99074
1691009262.444577392: Position, 1.06133, 0.0321308, 1.16917
 Orientation: 0.067682, 4.28628e-05, 0.133999, -0.988668
1691009262.454524730: Position, 1.0522, 0.0311915, 1.16792
 Orientation: 0.0738491, 0.000187903, 0.137414, -0.987757
1691009262.454598655: Position, 1.04289, 0.0337027, 1.16762
 Orientation: 0.0667382, 0.0109122, 0.121433, -0.990293
1691009262.464563017: Position, 1.03331, 0.0300382, 1.16492
 Orientation: 0.0675621, 0.0068437, 0.138159, -0.988079
1691009262.474488458: Position, 1.02473, 0.0320715, 1.16504
 Orientation: 0.0594435, 0.013463, 0.123258, -0.990501
1691009262.484552193: Position, 1.01575, 0.0283422, 1.16257
 Orientation: 0.0583965, 0.00969437, 0.137889, -0.988677
1691009262.494518309: Position, 1.00695, 0.0267251, 1.1622
 Orientation: 0.0383795, 0.00307198, 0.138333, -0.989637
1691009262.504528864: Position, 0.999112, 0.0252081, 1.1616
 Orientation: -0.000251241, -0.00230919, 0.135308, -0.990801
1691009262.504579609: Position, 0.9897, 0.0243558, 1.16202
 Orientation: -0.0518188, -0.0146637, 0.129076, -0.990171
1691009262.514547510: Position, 0.981941, 0.0248658, 1.15891
 Orientation: 0.00938899, -0.000406427, 0.138502, -0.990318
1691009262.524557587: Position, 0.972928, 0.0255286, 1.15624
 Orientation: 0.0591841, 0.0124389, 0.140737, -0.988198
1691009262.544588999: Position, 0.956805, 0.0238391, 1.15569
 Orientation: -0.00192299, -0.000200014, 0.136474, -0.990642
1691009262.554568587: Position, 0.947079, 0.0230982, 1.15565
 Orientation: -0.00433988, -0.00614934, 0.134732, -0.990853
1691009262.554619988: Position, 0.939603, 0.0228797, 1.15333
 Orientation: -0.00496638, 0.00279637, 0.139188, -0.99025
1691009262.564557425: Position, 0.931159, 0.0222062, 1.15275
 Orientation: -0.0257721, -0.00137068, 0.134883, -0.990525
1691009262.574538504: Position, 0.922965, 0.0235485, 1.14844
 Orientation: 0.0590474, 0.0220876, 0.139377, -0.988231
1691009262.584557559: Position, 0.914545, 0.0266275, 1.14863
 Orientation: 0.0512806, 0.0317226, 0.125849, -0.990215
1691009262.594491493: Position, 0.904523, 0.0230461, 1.14703
 Orientation: 0.0689313, 0.0227723, 0.14605, -0.98661
1691009262.604570075: Position, 0.896825, 0.0205504, 1.14614
 Orientation: 0.0197111, 0.0156497, 0.135826, -0.990413
1691009262.604620230: Position, 0.889136, 0.0207233, 1.14408
 Orientation: 0.0126996, 0.0233858, 0.136523, -0.990279
1691009262.614581974: Position, 0.88094, 0.0216275, 1.14125
 Orientation: 0.0491412, 0.0336542, 0.141247, -0.988181
1691009262.624490838: Position, 0.872836, 0.0204024, 1.13957
 Orientation: 0.0456299, 0.0379513, 0.141629, -0.988139
1691009262.634520784: Position, 0.863645, 0.0192183, 1.14053
 Orientation: -0.0344714, 0.0222048, 0.132493, -0.990335
1691009262.644513087: Position, 0.855583, 0.0186989, 1.13826
 Orientation: -0.0298503, 0.0271809, 0.134728, -0.99006
1691009262.654489006: Position, 0.846693, 0.01838, 1.13659
 Orientation: -0.0500388, 0.0268382, 0.13075, -0.989788
1691009262.654532811: Position, 0.838153, 0.0180266, 1.13439
 Orientation: -0.0477055, 0.0308638, 0.137085, -0.988928
1691009262.664591905: Position, 0.829848, 0.0173119, 1.13379
 Orientation: -0.0813497, 0.0308153, 0.130576, -0.987615
1691009262.684613517: Position, 0.812253, 0.0179124, 1.12676
 Orientation: -0.0374748, 0.0475684, 0.141574, -0.988074
1691009262.694611574: Position, 0.803516, 0.017258, 1.12474
 Orientation: -0.0744504, 0.042501, 0.135706, -0.987033
1691009262.704574777: Position, 0.786977, 0.0184492, 1.11829
 Orientation: -0.0282038, 0.0624963, 0.152742, -0.985885
1691009262.714516467: Position, 0.777459, 0.0183225, 1.11721
 Orientation: -0.0830771, 0.0511241, 0.144636, -0.984665
1691009262.724587252: Position, 0.768947, 0.0180782, 1.11352
 Orientation: -0.0697818, 0.0600987, 0.149108, -0.984523
1691009262.734498518: Position, 0.761169, 0.0191877, 1.10765
 Orientation: 0.0224417, 0.0867596, 0.166254, -0.982002
1691009262.744630764: Position, 0.752028, 0.019786, 1.10365
 Orientation: 0.020271, 0.0889295, 0.168455, -0.98148
1691009262.754606113: Position, 0.743079, 0.0237487, 1.10177
 Orientation: 0.0207465, 0.100259, 0.152931, -0.982919
1691009262.754661632: Position, 0.733594, 0.0241285, 1.09871
 Orientation: 0.022216, 0.103255, 0.155354, -0.982197
1691009262.764561219: Position, 0.725262, 0.0196467, 1.09292
 Orientation: 0.0151735, 0.0982162, 0.173306, -0.979841
1691009262.774508461: Position, 0.715832, 0.0184071, 1.09206
 Orientation: -0.0664102, 0.0876907, 0.158732, -0.981175
1691009262.794603123: Position, 0.696815, 0.0183182, 1.08609
 Orientation: -0.137821, 0.0741406, 0.145053, -0.976969
1691009262.804590861: Position, 0.687752, 0.0192185, 1.08072
 Orientation: -0.0645153, 0.0876325, 0.159502, -0.981182
1691009262.814559519: Position, 0.669556, 0.0189648, 1.07281
 Orientation: -0.11411, 0.0936524, 0.151724, -0.977337
1691009262.824650923: Position, 0.660467, 0.0175094, 1.06896
 Orientation: -0.145452, 0.0910824, 0.142735, -0.974769
1691009262.834493540: Position, 0.652591, 0.0200107, 1.06112
 Orientation: -0.0432646, 0.118536, 0.163588, -0.978426
1691009262.844553666: Position, 0.643143, 0.0208108, 1.05461
 Orientation: -0.0029023, 0.131028, 0.172424, -0.976265
1691009262.854557982: Position, 0.633614, 0.024084, 1.05156
 Orientation: 0.00127659, 0.139443, 0.163508, -0.976637
1691009262.854614553: Position, 0.623077, 0.0189228, 1.04736
 Orientation: -0.0814296, 0.120223, 0.153257, -0.97746
1691009262.864550882: Position, 0.614334, 0.0195249, 1.04193
 Orientation: -0.0604142, 0.128589, 0.160782, -0.976711
1691009262.874555659: Position, 0.604235, 0.0200412, 1.03628
 Orientation: -0.0484557, 0.13469, 0.164854, -0.975876
1691009262.884515995: Position, 0.594441, 0.0191944, 1.03167
 Orientation: -0.093163, 0.128501, 0.153491, -0.97532
1691009262.904557517: Position, 0.57409, 0.018452, 1.02027
 Orientation: -0.0947421, 0.133092, 0.144136, -0.975979
1691009262.904623093: Position, 0.564034, 0.0174307, 1.01583
 Orientation: -0.14019, 0.127081, 0.133616, -0.972802
1691009262.914574601: Position, 0.555056, 0.0186967, 1.00844
 Orientation: -0.0707751, 0.14928, 0.152637, -0.974376
1691009262.924518453: Position, 0.545809, 0.0182693, 1.001
 Orientation: -0.0626718, 0.147444, 0.160183, -0.973999
1691009262.934557944: Position, 0.534887, 0.0175945, 0.994535
 Orientation: -0.064266, 0.150984, 0.154725, -0.974235
1691009262.944549575: Position, 0.525283, 0.016608, 0.988305
 Orientation: -0.0711121, 0.151109, 0.149191, -0.974603
1691009262.954479070: Position, 0.514722, 0.0154594, 0.983259
 Orientation: -0.111159, 0.146554, 0.142291, -0.972584
1691009262.964564427: Position, 0.496074, 0.0144487, 0.967773
 Orientation: -0.0506072, 0.160522, 0.158227, -0.972952
1691009262.974536149: Position, 0.485261, 0.0127225, 0.963074
 Orientation: -0.150351, 0.136096, 0.134145, -0.969988
1691009262.994699807: Position, 0.466629, 0.0110498, 0.946575
 Orientation: -0.0730232, 0.150575, 0.148209, -0.974694
1691009263.004680585: Position, 0.447243, 0.0148235, 0.931622
 Orientation: -0.0249376, 0.161108, 0.149088, -0.975292
1691009263.034679006: Position, 0.419271, 0.00612465, 0.907901
 Orientation: -0.103907, 0.138203, 0.139468, -0.975014
1691009263.044557294: Position, 0.409106, 0.00416674, 0.899521
 Orientation: -0.122902, 0.125974, 0.129121, -0.975886
1691009263.054486386: Position, 0.399976, 0.00551849, 0.888031
 Orientation: -0.0318543, 0.144376, 0.151261, -0.977374
1691009263.054556274: Position, 0.389941, 0.00723934, 0.880698
 Orientation: -0.0308618, 0.144288, 0.141253, -0.978916
1691009263.064550402: Position, 0.381341, 0.00290862, 0.87047
 Orientation: -0.0326035, 0.137672, 0.145805, -0.979145
1691009263.074521388: Position, 0.371266, 0.00328826, 0.8615
 Orientation: -0.0325825, 0.132479, 0.147014, -0.979681
1691009263.084448842: Position, 0.362875, 0.00495991, 0.854158
 Orientation: -0.0322751, 0.140866, 0.125662, -0.981491
1691009263.114567170: Position, 0.327022, -0.00572303, 0.819296
 Orientation: -0.172405, 0.0809679, 0.0954428, -0.977042
1691009263.154524079: Position, 0.2839, -0.00723503, 0.767162
 Orientation: -0.0794376, 0.0755442, 0.0974776, -0.989182
1691009263.164501326: Position, 0.27676, -0.0101347, 0.758868
 Orientation: -0.137242, 0.0530691, 0.0776942, -0.986059
1691009263.174554229: Position, 0.269089, -0.0104979, 0.74809
 Orientation: -0.120218, 0.0555474, 0.0792666, -0.988018
1691009263.204580497: Position, 0.245724, -0.0145039, 0.717537
 Orientation: -0.152698, 0.0251273, 0.0605944, -0.986093
1691009263.204644236: Position, 0.238979, -0.0125463, 0.704345
 Orientation: -0.0468177, 0.0482231, 0.0763279, -0.994815
1691009263.214539801: Position, 0.231464, -0.00812929, 0.694292
 Orientation: -0.0170133, 0.0650974, 0.0579251, -0.996051
1691009263.224582276: Position, 0.224632, -0.0140579, 0.683198
 Orientation: -0.0491734, 0.0411213, 0.0664359, -0.99573
1691009263.234498578: Position, 0.217077, -0.01428, 0.671966
 Orientation: -0.00268595, 0.0467262, 0.0649405, -0.996791
1691009263.244547933: Position, 0.209836, -0.0149736, 0.661611
 Orientation: -0.00458782, 0.0413716, 0.0612146, -0.997256
1691009263.254535585: Position, 0.203597, -0.0164399, 0.652693
 Orientation: -0.0568672, 0.0255771, 0.0541871, -0.996582
1691009263.254602629: Position, 0.196322, -0.0201075, 0.645163
 Orientation: -0.174025, -0.0240941, 0.0292962, -0.98401
1691009263.264556240: Position, 0.190162, -0.0181366, 0.631881
 Orientation: -0.0870414, 0.00176978, 0.0396707, -0.995413
1691009263.284537367: Position, 0.176473, -0.0187201, 0.609807
 Orientation: -0.0623249, 0.00946132, 0.038516, -0.997268
1691009263.294548169: Position, 0.170837, -0.0194849, 0.600505
 Orientation: -0.0735482, -0.00630416, 0.0347086, -0.996668
1691009263.304554386: Position, 0.165015, -0.0200263, 0.590381
 Orientation: -0.08811, -0.0156698, 0.0264392, -0.995637
1691009263.304621330: Position, 0.158462, -0.0196328, 0.579333
 Orientation: -0.0494708, -0.00588218, 0.0266692, -0.998402
1691009263.314446237: Position, 0.152518, -0.0216142, 0.570427
 Orientation: -0.1027, -0.0308276, 0.0175752, -0.994079
1691009263.324514625: Position, 0.146567, -0.0203126, 0.558554
 Orientation: -0.0605172, -0.00952426, 0.0227098, -0.997863
1691009263.334575671: Position, 0.141086, -0.0192958, 0.546238
 Orientation: -0.00770286, 0.00401519, 0.0262187, -0.999619
1691009263.374544026: Position, 0.113966, -0.0230585, 0.499835
 Orientation: -0.129642, -0.0496216, 0.00486024, -0.990307
1691009263.384483995: Position, 0.108887, -0.0227612, 0.488701
 Orientation: -0.127713, -0.038559, 0.0034425, -0.991055
1691009263.404545878: Position, 0.099404, -0.0211396, 0.470808
 Orientation: -0.0747576, -0.031972, 0.00617471, -0.99667
1691009263.404600666: Position, 0.0937186, -0.0187621, 0.45981
 Orientation: -0.00887739, -0.00270219, 0.0161822, -0.999826
1691009263.414640204: Position, 0.0891061, -0.0184507, 0.451335
 Orientation: -0.014692, -0.00170764, 0.0138815, -0.999794
1691009263.434667529: Position, 0.0809433, -0.022787, 0.438546
 Orientation: -0.184916, -0.0590012, -0.00548649, -0.980966
1691009263.454670444: Position, 0.0692815, -0.0182263, 0.412055
 Orientation: -0.0287808, -0.00293276, 0.019695, -0.999387
1691009263.464583882: Position, 0.0663277, -0.0190126, 0.404544
 Orientation: -0.066569, -0.0116282, 0.0138173, -0.997618
1691009263.494582273: Position, 0.056264, -0.0151766, 0.384661
 Orientation: -0.0425151, 0.00262546, 0.00782541, -0.999062
1691009263.504661416: Position, 0.0547584, -0.0222716, 0.379641
 Orientation: -0.200822, -0.0616206, 0.00655906, -0.977666
1691009263.504716840: Position, 0.0515262, -0.0215725, 0.371969
 Orientation: -0.1752, -0.0463662, 0.0142346, -0.983338
1691009263.514584298: Position, 0.0487259, -0.0154268, 0.364689
 Orientation: -0.0410852, -0.00126617, 0.0177626, -0.998997
1691009263.524641180: Position, 0.0469236, -0.0181163, 0.356408
 Orientation: -0.0333278, -0.00435198, 0.0314327, -0.998941
1691009263.534595335: Position, 0.0433248, -0.0163546, 0.351502
 Orientation: -0.0364407, -0.00919005, 0.0445541, -0.9983
1691009263.554651976: Position, 0.0402057, -0.0146129, 0.3406
 Orientation: -0.0394628, 0.000555809, 0.030952, -0.998741
1691009263.554707949: Position, 0.0392105, -0.0196432, 0.335736
 Orientation: -0.128488, -0.0379086, 0.0370538, -0.990293
1691009263.564640606: Position, 0.0378266, -0.018852, 0.328817
 Orientation: -0.064648, -0.0161403, 0.0487601, -0.996585
1691009263.574576555: Position, 0.034148, -0.014835, 0.322045
 Orientation: -0.0542652, -0.00822491, 0.0629586, -0.996506
1691009263.594623780: Position, 0.0326264, -0.0202093, 0.315002
 Orientation: -0.167695, -0.047124, 0.0439863, -0.983729
1691009263.604598229: Position, 0.0311174, -0.0165491, 0.306969
 Orientation: -0.0295595, -0.00282858, 0.0610624, -0.997692
1691009263.604655145: Position, 0.0301123, -0.0170379, 0.301884
 Orientation: -0.0254501, -0.000146909, 0.0600738, -0.997869
1691009263.614482873: Position, 0.0283248, -0.0203358, 0.300103
 Orientation: -0.115401, -0.0322177, 0.0519985, -0.991434
1691009263.624618689: Position, 0.0280984, -0.0192355, 0.29364
 Orientation: -0.0790769, -0.0127596, 0.0576064, -0.995121
1691009263.634615140: Position, 0.0271628, -0.0202576, 0.289745
 Orientation: -0.101039, -0.0170362, 0.0583996, -0.993021
1691009263.644623495: Position, 0.0261533, -0.0206145, 0.286235
 Orientation: -0.125861, -0.0229227, 0.0541912, -0.990302
1691009263.654461428: Position, 0.0250089, -0.0199246, 0.279637
 Orientation: -0.0401515, 0.0104912, 0.0704868, -0.996649
1691009263.654517770: Position, 0.023909, -0.0185789, 0.274645
 Orientation: -0.0205284, 0.0166706, 0.0693601, -0.997241
1691009263.664577502: Position, 0.0227584, -0.0188642, 0.2703
 Orientation: -0.0192396, 0.0192442, 0.0696819, -0.997198
1691009263.674571988: Position, 0.0212186, -0.0160599, 0.26744
 Orientation: -0.0231508, 0.0289289, 0.0535342, -0.997878
1691009263.684634242: Position, 0.0216011, -0.0208532, 0.263787
 Orientation: -0.0902625, 0.00621034, 0.0612929, -0.994011
1691009263.704649103: Position, 0.020389, -0.0220013, 0.255232
 Orientation: -0.117569, -0.00168499, 0.0561631, -0.991474
1691009263.704715587: Position, 0.0191245, -0.0213054, 0.250641
 Orientation: -0.0709915, 0.0203916, 0.0621248, -0.995332
1691009263.714515836: Position, 0.0184721, -0.0225624, 0.246791
 Orientation: -0.089624, 0.0153121, 0.0578805, -0.994175
1691009263.724628546: Position, 0.0179207, -0.0212764, 0.241228
 Orientation: -0.019311, 0.0401493, 0.0667948, -0.996772
1691009263.734474671: Position, 0.0175513, -0.0215575, 0.237305
 Orientation: -0.0293285, 0.0394454, 0.065526, -0.996639
1691009263.744639009: Position, 0.0173278, -0.0229193, 0.235183
 Orientation: -0.0868443, 0.0227949, 0.0534896, -0.994524
1691009263.754611702: Position, 0.0168785, -0.0240206, 0.230722
 Orientation: -0.0959367, 0.0233531, 0.0494961, -0.993882
1691009263.754677993: Position, 0.0162735, -0.0236016, 0.225197
 Orientation: -0.0868574, 0.0330913, 0.0546106, -0.994172
1691009263.764611992: Position, 0.0153045, -0.0200465, 0.222602
 Orientation: -0.0348661, 0.0492406, 0.0501952, -0.996915
1691009263.784661423: Position, 0.0160624, -0.0231747, 0.213226
 Orientation: -0.00945189, 0.0533533, 0.059726, -0.996743
1691009263.794486058: Position, 0.0154173, -0.0251714, 0.212228
 Orientation: -0.0956063, 0.0248053, 0.0426014, -0.994198
1691009263.804609301: Position, 0.0148348, -0.0276693, 0.206982
 Orientation: -0.156025, 0.00563782, 0.0316005, -0.987231
1691009263.814520642: Position, 0.0151243, -0.027945, 0.203395
 Orientation: -0.16471, 0.0108968, 0.0333735, -0.985717
1691009263.824632998: Position, 0.0151857, -0.0277942, 0.200432
 Orientation: -0.132667, 0.0119361, 0.0339486, -0.990507
1691009263.834507120: Position, 0.0145505, -0.0291836, 0.198221
 Orientation: -0.182766, -0.00493007, 0.0206486, -0.982927
1691009263.844610100: Position, 0.0151693, -0.0292172, 0.194917
 Orientation: -0.153764, 0.00163774, 0.0236836, -0.987822
1691009263.854544350: Position, 0.0151271, -0.0286437, 0.190584
 Orientation: -0.114928, 0.0169008, 0.0314737, -0.992731
1691009263.854601884: Position, 0.0144024, -0.0261938, 0.18592
 Orientation: -0.0242023, 0.0465624, 0.0456955, -0.997576
1691009263.864622537: Position, 0.013566, -0.0247607, 0.183334
 Orientation: -0.030866, 0.0373768, 0.0476629, -0.997687
1691009263.874610632: Position, 0.0153703, -0.0275681, 0.181541
 Orientation: -0.0725704, 0.0272064, 0.0342443, -0.996404
1691009263.894582211: Position, 0.0160337, -0.0285451, 0.177336
 Orientation: -0.118561, 0.0103465, 0.0205836, -0.99268
1691009263.904594480: Position, 0.0157588, -0.028012, 0.171496
 Orientation: -0.0844757, 0.0367342, 0.0255798, -0.99542
1691009263.904650524: Position, 0.0153918, -0.0266714, 0.169973
 Orientation: -0.0299765, 0.0409041, 0.0341388, -0.99813
1691009263.914604640: Position, 0.0156098, -0.0258646, 0.166788
 Orientation: -0.00584492, 0.0518034, 0.0373236, -0.997943
1691009263.934613680: Position, 0.0152568, -0.0280743, 0.16482
 Orientation: -0.0877109, 0.0218065, 0.0228913, -0.995644
1691009263.944614170: Position, 0.0142404, -0.0267463, 0.161619
 Orientation: -0.0382295, 0.0410127, 0.0395472, -0.997643
1691009263.954511453: Position, 0.01451, -0.0313363, 0.161873
 Orientation: -0.176154, -0.0044362, 0.00958509, -0.984306
1691009263.964564690: Position, 0.0144658, -0.0305329, 0.158378
 Orientation: -0.133398, 0.00520815, 0.0215739, -0.990814
1691009263.974416833: Position, 0.0142096, -0.0269874, 0.153048
 Orientation: -0.0322919, 0.0379101, 0.0383824, -0.998021
1691009263.984812558: Position, 0.014399, -0.0309877, 0.154581
 Orientation: -0.153779, -0.000922749, 0.0186684, -0.987928
1691009263.994576917: Position, 0.014655, -0.0304978, 0.151998
 Orientation: -0.143638, -0.00656786, 0.0197106, -0.989412
1691009264.004552611: Position, 0.0140479, -0.0312842, 0.151222
 Orientation: -0.176096, -0.010473, 0.0210728, -0.984092
1691009264.014380724: Position, 0.0144277, -0.0311887, 0.147349
 Orientation: -0.152216, -0.00136156, 0.0298459, -0.987896
1691009264.024454704: Position, 0.0136803, -0.0308891, 0.144684
 Orientation: -0.161253, -0.000369674, 0.0283252, -0.986506
1691009264.034520155: Position, 0.0143512, -0.0302138, 0.144286
 Orientation: -0.125781, 0.00326008, 0.034309, -0.991459
1691009264.054789674: Position, 0.013682, -0.0316841, 0.141626
 Orientation: -0.167213, -0.00945732, 0.0312205, -0.985381
1691009264.054866888: Position, 0.0134323, -0.0309049, 0.139476
 Orientation: -0.130289, 0.00272401, 0.0400028, -0.990665
1691009264.064612914: Position, 0.0144521, -0.0301216, 0.138062
 Orientation: -0.0919374, 0.0159918, 0.0442721, -0.994652
1691009264.074531267: Position, 0.014385, -0.0296046, 0.137174
 Orientation: -0.0952244, 0.0209972, 0.0481064, -0.994071
1691009264.084560183: Position, 0.0138811, -0.0288531, 0.136018
 Orientation: -0.0724922, 0.0234971, 0.052391, -0.995715
1691009264.104606796: Position, 0.0137644, -0.0307997, 0.134154
 Orientation: -0.147895, -0.002343, 0.0426981, -0.988078
1691009264.114565820: Position, 0.0137394, -0.0305467, 0.133395
 Orientation: -0.140844, 0.000108966, 0.0437734, -0.989064
1691009264.124564143: Position, 0.0141721, -0.0305404, 0.132632
 Orientation: -0.144334, -0.0014654, 0.041766, -0.988646
1691009264.134547844: Position, 0.014133, -0.0267286, 0.128928
 Orientation: -0.0395206, 0.0287693, 0.0626575, -0.996837
1691009264.144587105: Position, 0.0139974, -0.0265637, 0.128173
 Orientation: -0.0404008, 0.0308529, 0.060372, -0.996881
1691009264.154590271: Position, 0.0133288, -0.0260812, 0.127057
 Orientation: -0.0321624, 0.0329269, 0.0652938, -0.996804
1691009264.154646986: Position, 0.0147821, -0.0280866, 0.128784
 Orientation: -0.120677, 0.00472948, 0.0496961, -0.991436
1691009264.164582658: Position, 0.0151504, -0.0276163, 0.128484
 Orientation: -0.119632, 0.00265878, 0.0473738, -0.991684
1691009264.174488795: Position, 0.0152725, -0.0278641, 0.126917
 Orientation: -0.0982738, 0.0112309, 0.044448, -0.994103
1691009264.184562752: Position, 0.0164424, -0.027074, 0.127898
 Orientation: -0.131869, -0.00497637, 0.0449337, -0.990236
1691009264.194523445: Position, 0.0167281, -0.026602, 0.127335
 Orientation: -0.126898, -0.00611687, 0.0451794, -0.990867
1691009264.204568636: Position, 0.017002, -0.0257883, 0.125683
 Orientation: -0.0913583, 0.00206902, 0.0523392, -0.99444
1691009264.204636432: Position, 0.0171025, -0.0258587, 0.125993
 Orientation: -0.115333, -0.00619973, 0.046383, -0.992224
1691009264.214533283: Position, 0.0174102, -0.0258728, 0.126155
 Orientation: -0.134951, -0.0117967, 0.0414793, -0.989913
1691009264.224626076: Position, 0.0175957, -0.0253919, 0.125634
 Orientation: -0.13155, -0.0130015, 0.0406548, -0.99039
1691009264.234587850: Position, 0.0175823, -0.02619, 0.125894
 Orientation: -0.172408, -0.0308132, 0.0357081, -0.983896
1691009264.244577348: Position, 0.0180984, -0.023917, 0.123367
 Orientation: -0.0989208, -0.010709, 0.045449, -0.993999
1691009264.254554645: Position, 0.0185741, -0.0208284, 0.120234
 Orientation: -0.00435848, 0.0168574, 0.0577377, -0.99818
1691009264.264557977: Position, 0.0191852, -0.0229352, 0.122835
 Orientation: -0.0962236, -0.0143227, 0.0457274, -0.994206
1691009264.274581576: Position, 0.0193486, -0.0227959, 0.122467
 Orientation: -0.102448, -0.0201831, 0.0420528, -0.993644
1691009264.284545796: Position, 0.0196817, -0.0223653, 0.121988
 Orientation: -0.0956453, -0.0194276, 0.0426238, -0.994313
1691009264.294468863: Position, 0.0201207, -0.0218761, 0.121627
 Orientation: -0.107576, -0.0242711, 0.0433289, -0.992956
1691009264.304524035: Position, 0.0206267, -0.0217131, 0.121142
 Orientation: -0.0991233, -0.0249698, 0.0401641, -0.993951
1691009264.304574876: Position, 0.0207406, -0.0218784, 0.12076
 Orientation: -0.103463, -0.0298055, 0.0398223, -0.993389
1691009264.314562086: Position, 0.0205411, -0.0217218, 0.117427
 Orientation: -0.0820411, -0.00912444, 0.0416958, -0.995715
1691009264.324622082: Position, 0.0198645, -0.0186653, 0.117254
 Orientation: 0.00548489, 0.00292167, 0.0552806, -0.998452
1691009264.334574902: Position, 0.0204587, -0.0183106, 0.117255
 Orientation: 0.00170922, -0.000795825, 0.0534344, -0.99857
1691009264.344577411: Position, 0.0205027, -0.0183194, 0.117068
 Orientation: 0.00240863, -0.001493, 0.0532224, -0.998579
1691009264.354529307: Position, 0.0204974, -0.0183443, 0.117019
 Orientation: 0.00249003, -0.00124524, 0.0537064, -0.998553
1691009264.354598854: Position, 0.0204715, -0.0181112, 0.116969
 Orientation: 0.00203056, -0.00135551, 0.0523558, -0.998626
1691009264.364624473: Position, 0.020054, -0.0181282, 0.116857
 Orientation: 0.00562949, 0.000610643, 0.0517471, -0.998644
1691009264.374488790: Position, 0.0209998, -0.0209323, 0.117896
 Orientation: -0.0710688, -0.0180973, 0.0378912, -0.996587
1691009264.384563125: Position, 0.0214652, -0.0207574, 0.118195
 Orientation: -0.0672218, -0.0221977, 0.0378371, -0.996773
1691009264.394563881: Position, 0.0215784, -0.0206775, 0.118087
 Orientation: -0.064766, -0.0222007, 0.0382042, -0.996922
1691009264.404520209: Position, 0.0217383, -0.0206506, 0.11798
 Orientation: -0.0627707, -0.0225566, 0.0384002, -0.997034
1691009264.404576212: Position, 0.0211212, -0.0216181, 0.118073
 Orientation: -0.0998156, -0.0252257, 0.0355842, -0.994049
1691009264.414568791: Position, 0.0211292, -0.0215724, 0.117798
 Orientation: -0.09195, -0.0224446, 0.0369842, -0.994823
1691009264.424571771: Position, 0.0217466, -0.0211342, 0.118395
 Orientation: -0.0779115, -0.0271912, 0.0371508, -0.995897
1691009264.434485811: Position, 0.0216737, -0.021646, 0.119158
 Orientation: -0.0969195, -0.0317276, 0.0350164, -0.99417
1691009264.444547121: Position, 0.0222974, -0.020851, 0.11817
 Orientation: -0.0765254, -0.0288806, 0.036791, -0.99597
1691009264.454560769: Position, 0.0223639, -0.0208908, 0.118224
 Orientation: -0.0788404, -0.0297159, 0.0366232, -0.995771
1691009264.454617112: Position, 0.0226585, -0.02171, 0.119578
 Orientation: -0.109251, -0.0370979, 0.0334452, -0.992758
1691009264.494869538: Position, 0.0223288, -0.0214627, 0.118518
 Orientation: -0.100447, -0.0387313, 0.0340383, -0.993605
1691009264.504620780: Position, 0.0226101, -0.0218244, 0.119761
 Orientation: -0.102942, -0.0324849, 0.0356582, -0.993517
1691009264.514486472: Position, 0.0226008, -0.0219806, 0.12007
 Orientation: -0.113226, -0.0358657, 0.033697, -0.99235
1691009264.594947656: Position, 0.0198596, -0.0178184, 0.117393
 Orientation: -0.00456351, -0.00599222, 0.0547352, -0.998473
1691009264.604691119: Position, 0.021395, -0.0200699, 0.117075
 Orientation: -0.0321393, -0.0107713, 0.0421193, -0.998537
1691009264.604772853: Position, 0.021389, -0.0200595, 0.117061
 Orientation: -0.0314996, -0.0104804, 0.042287, -0.998554
1691009264.614608748: Position, 0.0209159, -0.0223614, 0.118217
 Orientation: -0.124168, -0.0309645, 0.0331537, -0.991224
1691009264.634604413: Position, 0.0220413, -0.0201819, 0.11731
 Orientation: -0.0456803, -0.0179023, 0.0403758, -0.997979
1691009264.644540457: Position, 0.0213487, -0.020089, 0.117112
 Orientation: -0.033445, -0.0109904, 0.041901, -0.998501
1691009264.654498155: Position, 0.0199108, -0.0178052, 0.117501
 Orientation: -0.00534669, -0.00576789, 0.054424, -0.998487
1691009264.654567163: Position, 0.0199236, -0.0178179, 0.117485
 Orientation: -0.00536936, -0.00572471, 0.054362, -0.998491
1691009264.664483047: Position, 0.0199008, -0.0178221, 0.117464
 Orientation: -0.00541614, -0.00600687, 0.054578, -0.998477
1691009264.684582306: Position, 0.0213773, -0.0200811, 0.117106
 Orientation: -0.033564, -0.0112076, 0.0418982, -0.998495
1691009264.704577920: Position, 0.0212954, -0.0207823, 0.118116
 Orientation: -0.0604164, -0.0192722, 0.0391092, -0.997221
1691009264.714506189: Position, 0.0199264, -0.0178109, 0.117481
 Orientation: -0.00532229, -0.00579096, 0.0543478, -0.998491
1691009264.734584890: Position, 0.0199107, -0.0177958, 0.117477
 Orientation: -0.00542184, -0.00584129, 0.0544347, -0.998486
1691009264.744592133: Position, 0.0213733, -0.0200731, 0.117107
 Orientation: -0.0331674, -0.0109917, 0.0418911, -0.998511
1691009264.754564977: Position, 0.0213685, -0.0200768, 0.117045
 Orientation: -0.0321019, -0.010786, 0.0421112, -0.998539
1691009264.754621548: Position, 0.0199094, -0.0178146, 0.117488
 Orientation: -0.00548723, -0.00577595, 0.0544162, -0.998487
1691009264.764497549: Position, 0.0199116, -0.0178181, 0.117485
 Orientation: -0.00543603, -0.00583122, 0.054367, -0.998489
1691009264.774551730: Position, 0.0199234, -0.0178118, 0.117504
 Orientation: -0.00531298, -0.00579685, 0.0544311, -0.998487
1691009264.784635061: Position, 0.0199093, -0.0178022, 0.117495
 Orientation: -0.00537587, -0.00582532, 0.0544154, -0.998487
1691009264.794559595: Position, 0.019911, -0.0178166, 0.117498
 Orientation: -0.00524324, -0.00576681, 0.0543965, -0.998489
1691009264.804559830: Position, 0.0199185, -0.017806, 0.117494
 Orientation: -0.00526907, -0.00576433, 0.0544134, -0.998488
1691009264.804616464: Position, 0.0199183, -0.0178043, 0.117491
 Orientation: -0.00544533, -0.0058192, 0.0544054, -0.998487
1691009264.824471175: Position, 0.0214547, -0.020049, 0.116958
 Orientation: -0.0289953, -0.0102357, 0.0427719, -0.998612
1691009264.834506190: Position, 0.0214022, -0.0203014, 0.117423
 Orientation: -0.0427671, -0.0141671, 0.0409123, -0.998146
1691009264.894951753: Position, 0.0214135, -0.0200566, 0.117039
 Orientation: -0.0319869, -0.0110817, 0.0421526, -0.998538
1691009264.904643822: Position, 0.0199235, -0.0178066, 0.117502
 Orientation: -0.00528924, -0.00578131, 0.0544051, -0.998488
1691009264.914568773: Position, 0.0199106, -0.017804, 0.117475
 Orientation: -0.00544393, -0.00577504, 0.0543321, -0.998491
1691009264.934586822: Position, 0.0199125, -0.0178079, 0.117494
 Orientation: -0.00529125, -0.00574475, 0.0544061, -0.998488
1691009264.944588531: Position, 0.0213884, -0.0200897, 0.117117
 Orientation: -0.0337124, -0.0113766, 0.0418449, -0.99849
1691009264.964831493: Position, 0.0213975, -0.0200779, 0.117095
 Orientation: -0.0329904, -0.0112162, 0.0419216, -0.998513
1691009264.984561055: Position, 0.0199207, -0.0178065, 0.117492
 Orientation: -0.00529567, -0.00580039, 0.0543626, -0.99849
1691009264.994478709: Position, 0.019918, -0.0178153, 0.117494
 Orientation: -0.00528057, -0.00574258, 0.0543556, -0.998491
1691009265.004505056: Position, 0.0199169, -0.0178076, 0.117486
 Orientation: -0.00545066, -0.00577049, 0.0543543, -0.99849
1691009265.004540652: Position, 0.0199185, -0.0178006, 0.117499
 Orientation: -0.00533788, -0.00578431, 0.0544201, -0.998487
1691009265.014458281: Position, 0.0199105, -0.0178107, 0.117504
 Orientation: -0.00533471, -0.0057961, 0.054377, -0.998489
1691009265.044841868: Position, 0.0199207, -0.0178137, 0.117499
 Orientation: -0.00519408, -0.00577602, 0.0543445, -0.998492
1691009265.054619404: Position, 0.0198901, -0.01782, 0.117451
 Orientation: -0.00546896, -0.00599867, 0.0545195, -0.99848
1691009265.064599283: Position, 0.0213681, -0.0200795, 0.117091
 Orientation: -0.03301, -0.0109553, 0.0418656, -0.998518
1691009265.104648248: Position, 0.0199118, -0.0178113, 0.11749
 Orientation: -0.00528313, -0.00575778, 0.0543398, -0.998492
1691009265.104718705: Position, 0.0213857, -0.020075, 0.117113
 Orientation: -0.0334839, -0.0113763, 0.0418648, -0.998497
1691009265.114556043: Position, 0.0199136, -0.017807, 0.117485
 Orientation: -0.00531829, -0.0057953, 0.0542642, -0.998496
1691009265.124485821: Position, 0.0199225, -0.0178019, 0.117497
 Orientation: -0.00528378, -0.00574607, 0.0542764, -0.998495
1691009265.244720864: Position, 0.0199161, -0.017748, 0.117399
 Orientation: -0.00619466, -0.00627957, 0.0539391, -0.998505
1691009265.354881375: Position, 0.02188, -0.0206958, 0.118533
 Orientation: -0.0660599, -0.0204819, 0.0385331, -0.996861
1691009265.364680813: Position, 0.0218509, -0.0206989, 0.11854
 Orientation: -0.0666203, -0.0206726, 0.0383217, -0.996828
1691009265.384648479: Position, 0.0199368, -0.0178481, 0.117483
 Orientation: -0.00573551, -0.00544702, 0.0547685, -0.998468
1691009265.414855502: Position, 0.0199301, -0.01784, 0.117483
 Orientation: -0.00579226, -0.00545031, 0.054748, -0.998469
1691009265.454647575: Position, 0.0198771, -0.0176797, 0.117445
 Orientation: -0.0063734, -0.00652782, 0.054348, -0.99848
1691009265.454713073: Position, 0.0198791, -0.0176692, 0.117446
 Orientation: -0.00638701, -0.00644202, 0.0543467, -0.998481
1691009265.464530837: Position, 0.0199369, -0.01784, 0.117503
 Orientation: -0.0057708, -0.00545977, 0.0547462, -0.998469
1691009265.474501921: Position, 0.019881, -0.0176874, 0.117438
 Orientation: -0.00626481, -0.00647079, 0.0542943, -0.998484
1691009265.544956004: Position, 0.0198769, -0.017673, 0.117442
 Orientation: -0.00632366, -0.00648717, 0.0543018, -0.998484
1691009265.564669270: Position, 0.0198833, -0.0176769, 0.117461
 Orientation: -0.00618066, -0.00645526, 0.0542888, -0.998485
1691009265.584597443: Position, 0.0199253, -0.017707, 0.117388
 Orientation: -0.00556153, -0.00612179, 0.0541595, -0.998498
1691009265.594600499: Position, 0.0198962, -0.0177375, 0.117405
 Orientation: -0.00638114, -0.00634023, 0.0539626, -0.998502
1691009265.594656760: Position, 0.0199034, -0.017743, 0.117411
 Orientation: -0.00633826, -0.00629828, 0.0539711, -0.998502
1691009265.604568522: Position, 0.0199014, -0.0177438, 0.117398
 Orientation: -0.00630021, -0.00631226, 0.054001, -0.998501
1691009265.634574735: Position, 0.0218038, -0.0206608, 0.118352
 Orientation: -0.060244, -0.0185652, 0.0396721, -0.997222
1691009265.674942370: Position, 0.0219031, -0.0206764, 0.118525
 Orientation: -0.0659676, -0.0204884, 0.038546, -0.996866
1691009265.704602779: Position, 0.0218474, -0.020697, 0.118535
 Orientation: -0.0663814, -0.0206484, 0.0383734, -0.996842
1691009265.774535081: Position, 0.0216099, -0.0208124, 0.118813
 Orientation: -0.0679263, -0.0194896, 0.0382326, -0.996767
1691009265.804553219: Position, 0.0218519, -0.02071, 0.118555
 Orientation: -0.0670908, -0.0209839, 0.0382638, -0.996792
1691009265.834538453: Position, 0.021925, -0.0206462, 0.118444
 Orientation: -0.0627922, -0.0192822, 0.0391661, -0.997071
1691009265.844645002: Position, 0.0219329, -0.0206174, 0.118413
 Orientation: -0.0622139, -0.0190853, 0.0392588, -0.997108
1691009265.944920668: Position, 0.0198399, -0.0178499, 0.117432
 Orientation: -0.00609054, -0.00621281, 0.0551529, -0.99844
1691009265.954667562: Position, 0.0219997, -0.0206051, 0.11837
 Orientation: -0.0597593, -0.018155, 0.039858, -0.997252
1691009265.954754187: Position, 0.0198676, -0.0178229, 0.117406
 Orientation: -0.0061258, -0.00628759, 0.0547828, -0.99846
1691009266.104759828: Position, 0.0199074, -0.0177332, 0.117421
 Orientation: -0.00628218, -0.00638479, 0.0540712, -0.998497
1691009266.275032748: Position, 0.0218729, -0.02068, 0.118545
 Orientation: -0.0665951, -0.0206601, 0.0383463, -0.996829
1691009266.284620653: Position, 0.0218675, -0.0206877, 0.118534
 Orientation: -0.0664396, -0.0206234, 0.0383765, -0.996839
1691009266.354984571: Position, 0.019911, -0.0177682, 0.117404
 Orientation: -0.00691139, -0.00653215, 0.0538517, -0.998504
1691009266.394952400: Position, 0.0198759, -0.0176737, 0.117449
 Orientation: -0.00622049, -0.00649146, 0.0543407, -0.998482
1691009266.414787482: Position, 0.0218803, -0.0207053, 0.118545
 Orientation: -0.0669943, -0.0208998, 0.0383287, -0.996798
1691009266.434585074: Position, 0.0218336, -0.0206537, 0.118359
 Orientation: -0.0604837, -0.0186286, 0.0397096, -0.997205
1691009266.444630972: Position, 0.0218579, -0.02069, 0.118541
 Orientation: -0.067017, -0.0207302, 0.0383373, -0.996799
1691009266.454616004: Position, 0.0218574, -0.0207114, 0.118534
 Orientation: -0.0669314, -0.0208315, 0.0382946, -0.996805
1691009266.464633984: Position, 0.0199149, -0.017739, 0.117397
 Orientation: -0.00605837, -0.00621054, 0.0540436, -0.998501
1691009266.564821811: Position, 0.0217795, -0.0207245, 0.11848
 Orientation: -0.0670393, -0.0204268, 0.0382848, -0.996806
1691009266.574742282: Position, 0.0198833, -0.0176791, 0.117455
 Orientation: -0.00621999, -0.00648868, 0.0542893, -0.998485
1691009266.584657057: Position, 0.0198801, -0.0176811, 0.117461
 Orientation: -0.00622123, -0.0064601, 0.054329, -0.998483
1691009266.604642918: Position, 0.0198908, -0.0176739, 0.11745
 Orientation: -0.00629136, -0.00645332, 0.0543136, -0.998483
1691009266.694961200: Position, 0.0218584, -0.0207043, 0.118558
 Orientation: -0.0665071, -0.0207194, 0.038341, -0.996834
1691009266.704606975: Position, 0.0218299, -0.0207112, 0.118559
 Orientation: -0.0667655, -0.0208706, 0.0383168, -0.996814
1691009266.704704571: Position, 0.0218634, -0.0207042, 0.118561
 Orientation: -0.0667647, -0.0208005, 0.0383252, -0.996816
1691009266.714578393: Position, 0.0198709, -0.0176799, 0.11746
 Orientation: -0.00626946, -0.00653044, 0.0543244, -0.998482
1691009266.724556945: Position, 0.0199269, -0.0177539, 0.117398
 Orientation: -0.00623863, -0.00626105, 0.0538963, -0.998507
1691009266.734604754: Position, 0.0198757, -0.0176691, 0.117438
 Orientation: -0.00632313, -0.00648732, 0.0543263, -0.998482
1691009266.834940048: Position, 0.0218598, -0.0206944, 0.118554
 Orientation: -0.0663635, -0.0207384, 0.038333, -0.996843
1691009266.934970425: Position, 0.0198584, -0.0176861, 0.117433
 Orientation: -0.00634287, -0.00671486, 0.0544999, -0.998471
1691009266.944695159: Position, 0.0218507, -0.0206954, 0.118547
 Orientation: -0.0665739, -0.0208012, 0.0383281, -0.996828
1691009266.954598466: Position, 0.0218439, -0.0207085, 0.118562
 Orientation: -0.0672668, -0.0209806, 0.0382851, -0.99678
1691009267.054830697: Position, 0.0198856, -0.0176792, 0.117445
 Orientation: -0.00638208, -0.00651525, 0.0542773, -0.998484
1691009267.094863424: Position, 0.0218532, -0.0207066, 0.118555
 Orientation: -0.0668243, -0.020727, 0.0382621, -0.996815
1691009267.204913326: Position, 0.0199082, -0.017745, 0.117411
 Orientation: -0.00613396, -0.00624422, 0.0539977, -0.998503
1691009267.214702113: Position, 0.0218601, -0.0207114, 0.118574
 Orientation: -0.0673017, -0.0210501, 0.0383164, -0.996774
1691009267.224638605: Position, 0.0199091, -0.0177786, 0.117545
 Orientation: -0.0059563, -0.00567139, 0.0551053, -0.998447
1691009267.494811268: Position, 0.0199057, -0.0177817, 0.117538
 Orientation: -0.00592764, -0.00572559, 0.0550413, -0.99845
1691009267.614962264: Position, 0.0218563, -0.020712, 0.118579
 Orientation: -0.0672891, -0.02105, 0.0382648, -0.996777
1691009267.704739438: Position, 0.0218631, -0.020712, 0.118588
 Orientation: -0.0675792, -0.0210887, 0.0382522, -0.996757
1691009267.714504132: Position, 0.0198866, -0.0176841, 0.11746
 Orientation: -0.00623972, -0.00645538, 0.0542888, -0.998485
1691009267.724448353: Position, 0.0198813, -0.0176859, 0.117463
 Orientation: -0.00623602, -0.0064893, 0.0543281, -0.998483
1691009267.764607318: Position, 0.0198789, -0.0176625, 0.117446
 Orientation: -0.0063121, -0.00648935, 0.0543439, -0.998481
1691009267.804584619: Position, 0.0199206, -0.01774, 0.117406
 Orientation: -0.00617091, -0.00621502, 0.0540203, -0.998501
1691009267.814551774: Position, 0.0218571, -0.0207016, 0.118562
 Orientation: -0.0667679, -0.0208924, 0.0383657, -0.996812
1691009267.854591286: Position, 0.0218517, -0.0207065, 0.118569
 Orientation: -0.0670886, -0.0208811, 0.0383143, -0.996792
1691009267.864560420: Position, 0.0199066, -0.0177442, 0.117408
 Orientation: -0.00625241, -0.00628904, 0.0540004, -0.998502
1691009267.964916740: Position, 0.021865, -0.0206963, 0.118559
 Orientation: -0.0669743, -0.0208724, 0.0383066, -0.996801
1691009267.984616635: Position, 0.0218491, -0.0207082, 0.118554
 Orientation: -0.0668166, -0.0208256, 0.0383452, -0.996811
1691009267.994606084: Position, 0.021853, -0.0207049, 0.118555
 Orientation: -0.0672947, -0.0209893, 0.0383137, -0.996776
1691009268.234945452: Position, 0.0198756, -0.0176683, 0.117465
 Orientation: -0.00641116, -0.00651999, 0.0543468, -0.99848
1691009268.254530513: Position, 0.0218429, -0.0207252, 0.118576
 Orientation: -0.0674719, -0.0209995, 0.0382091, -0.996768
1691009268.264470305: Position, 0.0218417, -0.0207197, 0.118556
 Orientation: -0.0669436, -0.0209338, 0.0382126, -0.996805
1691009268.394966186: Position, 0.0198892, -0.0176861, 0.117463
 Orientation: -0.00613849, -0.00647893, 0.0543022, -0.998485
1691009268.404570664: Position, 0.0198904, -0.0176722, 0.11745
 Orientation: -0.00639861, -0.00648848, 0.0542966, -0.998483
1691009268.404661433: Position, 0.0198874, -0.0176703, 0.117444
 Orientation: -0.00641041, -0.00650158, 0.0542869, -0.998484
1691009268.514932763: Position, 0.021868, -0.0207127, 0.118592
 Orientation: -0.067622, -0.0210817, 0.0382412, -0.996755
1691009268.544695684: Position, 0.0198836, -0.0176641, 0.117461
 Orientation: -0.0062223, -0.00646955, 0.0543628, -0.998481
1691009268.654869539: Position, 0.0198816, -0.0176632, 0.117464
 Orientation: -0.00633525, -0.00652139, 0.0543504, -0.998481
1691009268.754865406: Position, 0.0218712, -0.0206944, 0.118562
 Orientation: -0.066594, -0.0207652, 0.0384041, -0.996825
1691009268.754972600: Position, 0.0218672, -0.0207179, 0.118596
 Orientation: -0.0677335, -0.0211582, 0.0382669, -0.996745
1691009268.784659948: Position, 0.0218471, -0.020723, 0.11858
 Orientation: -0.0679572, -0.0213262, 0.0381708, -0.99673
1691009268.874898093: Position, 0.0218514, -0.0207061, 0.118566
 Orientation: -0.0668063, -0.0208148, 0.0382962, -0.996814
1691009268.884512950: Position, 0.0198728, -0.0176869, 0.117459
 Orientation: -0.00630539, -0.00649566, 0.0543081, -0.998483
1691009268.904525659: Position, 0.0218576, -0.0207106, 0.118561
 Orientation: -0.0669288, -0.0209744, 0.0382929, -0.996802
1691009268.904560098: Position, 0.0198834, -0.0176754, 0.117452
 Orientation: -0.0062317, -0.00648468, 0.0543084, -0.998484
1691009269.034939408: Position, 0.019883, -0.0176651, 0.117444
 Orientation: -0.00630362, -0.00644175, 0.0543257, -0.998483
1691009269.044596735: Position, 0.0199173, -0.0177786, 0.117541
 Orientation: -0.00592782, -0.00565945, 0.0550798, -0.998448
1691009269.054594573: Position, 0.0198833, -0.017677, 0.117442
 Orientation: -0.00626084, -0.00647536, 0.0543577, -0.998481
1691009269.074693646: Position, 0.0199202, -0.0177378, 0.117409
 Orientation: -0.00626289, -0.00621162, 0.0539652, -0.998504
1691009269.174811570: Position, 0.0218295, -0.020708, 0.118561
 Orientation: -0.0668799, -0.0209218, 0.0382978, -0.996806
1691009269.184677983: Position, 0.0198814, -0.0176863, 0.117462
 Orientation: -0.00635025, -0.00649935, 0.0543368, -0.998481
1691009269.204604996: Position, 0.0198882, -0.0176694, 0.117457
 Orientation: -0.00623377, -0.00646409, 0.0543396, -0.998482
1691009269.304828832: Position, 0.0218453, -0.0207188, 0.118555
 Orientation: -0.0674203, -0.0210065, 0.0382387, -0.99677
1691009269.324696012: Position, 0.0199137, -0.0177441, 0.117408
 Orientation: -0.00621729, -0.00627953, 0.0539773, -0.998503
1691009269.404860560: Position, 0.0218588, -0.0207004, 0.118571
 Orientation: -0.0668925, -0.020861, 0.0383442, -0.996805
1691009269.404969434: Position, 0.0218447, -0.0207128, 0.118573
 Orientation: -0.0670814, -0.0208991, 0.0382854, -0.996794
1691009269.414684274: Position, 0.0198729, -0.0176751, 0.117441
 Orientation: -0.00638438, -0.00650587, 0.0543155, -0.998482
1691009269.424624527: Position, 0.021913, -0.0207024, 0.118555
 Orientation: -0.0664146, -0.0205712, 0.0384635, -0.996838
1691009269.434605110: Position, 0.0218475, -0.020713, 0.11856
 Orientation: -0.0670757, -0.0208326, 0.0383116, -0.996794
1691009269.554801462: Position, 0.019886, -0.0176755, 0.117451
 Orientation: -0.00613509, -0.00647342, 0.0543694, -0.998481
1691009269.684927314: Position, 0.0198767, -0.0176665, 0.117452
 Orientation: -0.0063197, -0.00649239, 0.0544031, -0.998478
1691009269.854887930: Position, 0.0218436, -0.0207251, 0.11854
 Orientation: -0.0656369, -0.0207662, 0.0382119, -0.996895
1691009269.854996750: Position, 0.0218487, -0.0207038, 0.118553
 Orientation: -0.0667213, -0.0208888, 0.0383288, -0.996816
1691009269.864637657: Position, 0.0198806, -0.0176835, 0.117454
 Orientation: -0.00623797, -0.00644546, 0.0543039, -0.998484
1691009269.974908705: Position, 0.0198907, -0.0176804, 0.117465
 Orientation: -0.00620448, -0.00652306, 0.0543434, -0.998482
1691009270.004928587: Position, 0.0198938, -0.017679, 0.117464
 Orientation: -0.00622928, -0.0064279, 0.0543368, -0.998483
1691009270.094706882: Position, 0.0199091, -0.0177508, 0.117415
 Orientation: -0.00613032, -0.0062558, 0.053956, -0.998505
1691009270.154909558: Position, 0.0198858, -0.01767, 0.11745
 Orientation: -0.00627695, -0.00647661, 0.0543635, -0.99848
1691009270.164629337: Position, 0.0218436, -0.0207088, 0.118526
 Orientation: -0.0654841, -0.0207495, 0.0382371, -0.996905
1691009270.224804828: Position, 0.0198812, -0.0176778, 0.117459
 Orientation: -0.00626349, -0.00647904, 0.0543351, -0.998482
1691009270.334910500: Position, 0.0198849, -0.0176718, 0.117459
 Orientation: -0.00622088, -0.00646018, 0.0543255, -0.998483
1691009270.764884096: Position, 0.0198796, -0.0176781, 0.117467
 Orientation: -0.00622633, -0.0065291, 0.0543778, -0.99848
1691009271.114947701: Position, 0.0198734, -0.0176762, 0.117457
 Orientation: -0.00627464, -0.00651393, 0.0544012, -0.998478
1691009271.134641791: Position, 0.0198875, -0.0176727, 0.11745
 Orientation: -0.00626251, -0.00642985, 0.0543698, -0.998481
1691009271.204988627: Position, 0.0198919, -0.017674, 0.117459
 Orientation: -0.00630121, -0.00651879, 0.0542987, -0.998484
1691009271.274606678: Position, 0.0218609, -0.0207148, 0.118565
 Orientation: -0.0671238, -0.020894, 0.0382836, -0.996791
1691009271.284518704: Position, 0.0218489, -0.0207125, 0.118569
 Orientation: -0.0672721, -0.0211339, 0.0383246, -0.996774
1691009271.294502108: Position, 0.0218723, -0.0207279, 0.118594
 Orientation: -0.0678741, -0.0211507, 0.0382063, -0.996738
1691009271.304523068: Position, 0.0218621, -0.0207128, 0.118571
 Orientation: -0.0675806, -0.0211565, 0.0382446, -0.996756
1691009271.414652381: Position, 0.0198782, -0.0176692, 0.117467
 Orientation: -0.00630868, -0.00649135, 0.0543641, -0.99848
1691009271.504863992: Position, 0.0218333, -0.0207127, 0.118564
 Orientation: -0.0675435, -0.0211121, 0.0382449, -0.996759
1691009271.604929017: Position, 0.0198796, -0.0176648, 0.117457
 Orientation: -0.00629055, -0.00648016, 0.0543807, -0.998479
1691009271.674634556: Position, 0.0198837, -0.0176852, 0.117458
 Orientation: -0.00625142, -0.00643469, 0.0543297, -0.998483
1691009271.704770385: Position, 0.0218727, -0.0207059, 0.118567
 Orientation: -0.0672574, -0.0209643, 0.03828, -0.996781
1691009271.934726411: Position, 0.0198872, -0.0176831, 0.11745
 Orientation: -0.00621299, -0.00641459, 0.0543012, -0.998485
1691009271.954578091: Position, 0.0198759, -0.0176756, 0.117447
 Orientation: -0.00632953, -0.00644914, 0.0543349, -0.998482
1691009271.964599318: Position, 0.0198817, -0.0176701, 0.117459
 Orientation: -0.00622877, -0.00647862, 0.0543284, -0.998483
1691009272.074807947: Position, 0.0209163, -0.0224155, 0.118575
 Orientation: -0.129798, -0.0351464, 0.0322703, -0.990392
1691009272.104643413: Position, 0.0216921, -0.0207785, 0.11849
 Orientation: -0.0677785, -0.0217528, 0.038182, -0.996732
1691009272.154640561: Position, 0.0198743, -0.0176725, 0.117446
 Orientation: -0.00636322, -0.00652557, 0.0544157, -0.998477
1691009272.204604929: Position, 0.0218727, -0.0206909, 0.11855
 Orientation: -0.0663662, -0.0206716, 0.0383742, -0.996843
1691009272.214571314: Position, 0.0218312, -0.0207045, 0.118553
 Orientation: -0.0670078, -0.0209591, 0.0383204, -0.996796
1691009272.294887128: Position, 0.0198794, -0.0176779, 0.11746
 Orientation: -0.00621553, -0.006459, 0.0543555, -0.998481
1691009272.324608171: Position, 0.0218322, -0.0207192, 0.118557
 Orientation: -0.0670169, -0.0209546, 0.0382708, -0.996797
1691009272.334539291: Position, 0.0218531, -0.0206883, 0.11854
 Orientation: -0.0662233, -0.0206305, 0.0384196, -0.996851
1691009272.394768049: Position, 0.0198864, -0.0176617, 0.117457
 Orientation: -0.00632454, -0.00647413, 0.0543818, -0.998479
1691009272.404650735: Position, 0.0198815, -0.0176715, 0.117457
 Orientation: -0.00621291, -0.00647482, 0.0543387, -0.998482
1691009272.404730212: Position, 0.0215428, -0.0212634, 0.11898
 Orientation: -0.0833485, -0.0271092, 0.0365482, -0.995481
1691009272.464585885: Position, 0.0218695, -0.0206998, 0.118571
 Orientation: -0.0668073, -0.0207769, 0.0383394, -0.996813
1691009272.504567118: Position, 0.0218658, -0.0207107, 0.118562
 Orientation: -0.0668989, -0.0208736, 0.0383066, -0.996806
1691009272.514492556: Position, 0.0218506, -0.0207107, 0.118549
 Orientation: -0.0666804, -0.0208487, 0.0383116, -0.996821
1691009272.604818036: Position, 0.0198763, -0.0176834, 0.11745
 Orientation: -0.00624822, -0.00649742, 0.0543313, -0.998482
1691009272.644831967: Position, 0.0198747, -0.0176673, 0.11744
 Orientation: -0.00626078, -0.00649905, 0.0543171, -0.998483
1691009272.704528231: Position, 0.0199162, -0.0177435, 0.117413
 Orientation: -0.00613834, -0.00626341, 0.0540122, -0.998502
1691009272.754859447: Position, 0.0218989, -0.0206983, 0.118574
 Orientation: -0.0669374, -0.0207149, 0.0383115, -0.996806
1691009272.764601333: Position, 0.0198804, -0.0176783, 0.117458
 Orientation: -0.00631507, -0.00648242, 0.0543758, -0.99848
1691009272.774572814: Position, 0.019884, -0.0176844, 0.117445
 Orientation: -0.00631967, -0.00651595, 0.0543561, -0.99848
1691009272.854834514: Position, 0.0198778, -0.0176746, 0.117466
 Orientation: -0.00623576, -0.0065166, 0.0543138, -0.998483
1691009272.995121128: Position, 0.0218549, -0.0206989, 0.118558
 Orientation: -0.066704, -0.0208352, 0.0383565, -0.996818
1691009273.034896028: Position, 0.0198808, -0.0176599, 0.117458
 Orientation: -0.0062722, -0.0064969, 0.0543435, -0.998481
1691009273.104772011: Position, 0.0208574, -0.0216277, 0.119311
 Orientation: -0.0855038, -0.0306071, 0.0358012, -0.995224
1691009273.104864388: Position, 0.0218514, -0.0207029, 0.118547
 Orientation: -0.0667704, -0.0208208, 0.0383547, -0.996814
1691009273.124676991: Position, 0.021865, -0.0206937, 0.11856
 Orientation: -0.0667118, -0.0208191, 0.0383506, -0.996818
1691009273.245016855: Position, 0.0218476, -0.0206837, 0.118538
 Orientation: -0.0661316, -0.0205599, 0.0384251, -0.996859
1691009273.254657634: Position, 0.0218546, -0.0207127, 0.118578
 Orientation: -0.0674259, -0.0210443, 0.0382736, -0.996768
1691009273.264620036: Position, 0.0198818, -0.0176697, 0.117462
 Orientation: -0.00625863, -0.00644799, 0.0543623, -0.998481
1691009273.394914987: Position, 0.0217039, -0.0207787, 0.118486
 Orientation: -0.0679012, -0.0217585, 0.0381532, -0.996725
1691009273.484899844: Position, 0.0218441, -0.0207025, 0.11854
 Orientation: -0.0666697, -0.0208302, 0.0383282, -0.996821
1691009273.504651454: Position, 0.0218266, -0.0207382, 0.118541
 Orientation: -0.065754, -0.0208473, 0.0381943, -0.996887
1691009273.504727034: Position, 0.021852, -0.0207058, 0.118553
 Orientation: -0.0667362, -0.020806, 0.0383298, -0.996817
1691009273.514446027: Position, 0.0218357, -0.0207117, 0.118548
 Orientation: -0.0670151, -0.0209484, 0.0382951, -0.996797
1691009273.544890435: Position, 0.0199186, -0.0177682, 0.117543
 Orientation: -0.00593707, -0.00572811, 0.0550731, -0.998448
1691009273.644954203: Position, 0.0218518, -0.0207127, 0.118534
 Orientation: -0.0652328, -0.0205458, 0.0382651, -0.996924
1691009273.694906273: Position, 0.0218289, -0.0207299, 0.118534
 Orientation: -0.0656517, -0.0207929, 0.0381704, -0.996895
1691009273.794965729: Position, 0.0215198, -0.0212756, 0.119002
 Orientation: -0.0839616, -0.0274006, 0.0364798, -0.995424
1691009273.814707170: Position, 0.0198783, -0.0176746, 0.11746
 Orientation: -0.0062491, -0.00652152, 0.0543931, -0.998479
1691009274.005014499: Position, 0.0198803, -0.0176731, 0.117455
 Orientation: -0.00621661, -0.00651928, 0.0544026, -0.998479
1691009274.194951319: Position, 0.0198732, -0.017671, 0.117462
 Orientation: -0.00622818, -0.00652356, 0.0543402, -0.998482
1691009274.204730563: Position, 0.0218678, -0.0206924, 0.118549
 Orientation: -0.0665278, -0.0207134, 0.0384459, -0.996828
1691009274.214658969: Position, 0.0199088, -0.0177413, 0.117417
 Orientation: -0.00612661, -0.00628284, 0.0539728, -0.998504
1691009274.324544538: Position, 0.0218525, -0.020706, 0.11855
 Orientation: -0.0670059, -0.0209529, 0.0383268, -0.996796
1691009274.554817450: Position, 0.0198839, -0.0176727, 0.117463
 Orientation: -0.00616988, -0.0064756, 0.0543419, -0.998482
1691009274.624622531: Position, 0.0198836, -0.0176707, 0.117451
 Orientation: -0.00626353, -0.00648016, 0.0543044, -0.998484
1691009274.644687377: Position, 0.0198763, -0.0176674, 0.117454
 Orientation: -0.00640124, -0.00653894, 0.0543431, -0.99848
1691009274.754746928: Position, 0.0218697, -0.0207094, 0.118581
 Orientation: -0.0675845, -0.0210904, 0.0382413, -0.996757
1691009274.774644247: Position, 0.0199134, -0.0177712, 0.117554
 Orientation: -0.00593644, -0.0057113, 0.0551005, -0.998447
1691009274.934963853: Position, 0.02185, -0.0207159, 0.118563
 Orientation: -0.0674971, -0.0211494, 0.0382544, -0.996762
1691009275.134862577: Position, 0.0218461, -0.0207286, 0.118581
 Orientation: -0.0677623, -0.0212622, 0.0382124, -0.996743
1691009275.254779090: Position, 0.0218431, -0.0207223, 0.11857
 Orientation: -0.0673546, -0.0210483, 0.0382371, -0.996774
1691009275.274958669: Position, 0.0198895, -0.01767, 0.117445
 Orientation: -0.00626958, -0.00648479, 0.0543354, -0.998482
1691009275.364992169: Position, 0.0198855, -0.0176743, 0.117455
 Orientation: -0.00629503, -0.0064672, 0.054314, -0.998483
1691009275.374651823: Position, 0.0218603, -0.0207144, 0.118582
 Orientation: -0.0676527, -0.021123, 0.0382567, -0.996751
1691009275.434947945: Position, 0.0218654, -0.0206916, 0.118548
 Orientation: -0.0666921, -0.0208477, 0.0383748, -0.996817
1691009275.514996093: Position, 0.020845, -0.0216102, 0.119353
 Orientation: -0.0862983, -0.0309825, 0.0359853, -0.995137
1691009275.554761598: Position, 0.0198694, -0.0176715, 0.117448
 Orientation: -0.0063057, -0.00652121, 0.0544207, -0.998477
1691009275.664923372: Position, 0.0198943, -0.0176794, 0.117459
 Orientation: -0.00610862, -0.00642923, 0.0542905, -0.998486
1691009275.674610458: Position, 0.0218349, -0.0206959, 0.118542
 Orientation: -0.0665574, -0.0208363, 0.0383841, -0.996826
1691009275.904975477: Position, 0.0198752, -0.0176749, 0.117447
 Orientation: -0.00625552, -0.00647792, 0.0543467, -0.998482
1691009276.074750224: Position, 0.0218499, -0.0207179, 0.118558
 Orientation: -0.0675208, -0.0210251, 0.0382604, -0.996762
1691009276.254847729: Position, 0.0198737, -0.0176632, 0.117447
 Orientation: -0.00624717, -0.00657311, 0.0543668, -0.99848
1691009276.314959178: Position, 0.0218333, -0.0207053, 0.118551
 Orientation: -0.0666522, -0.0208258, 0.0383446, -0.996822
1691009276.384715819: Position, 0.0218249, -0.0207139, 0.11856
 Orientation: -0.0674101, -0.0211358, 0.0382734, -0.996767
1691009276.564871826: Position, 0.0198856, -0.0176749, 0.117458
 Orientation: -0.00614762, -0.00645028, 0.0543345, -0.998483
1691009276.594828854: Position, 0.0198746, -0.017673, 0.117457
 Orientation: -0.00625066, -0.00651548, 0.0544013, -0.998478
1691009276.854763499: Position, 0.0218559, -0.0207186, 0.118582
 Orientation: -0.0673362, -0.0210722, 0.0382845, -0.996773
1691009277.004507024: Position, 0.0198854, -0.017675, 0.117453
 Orientation: -0.00624603, -0.00645772, 0.0543546, -0.998481
1691009277.164534095: Position, 0.0198746, -0.0176745, 0.117455
 Orientation: -0.00631932, -0.00649663, 0.0543499, -0.998481
1691009277.244888979: Position, 0.0198895, -0.0176733, 0.117459
 Orientation: -0.00632742, -0.00645905, 0.0543565, -0.998481
1691009277.274559940: Position, 0.0198807, -0.017678, 0.117458
 Orientation: -0.00624354, -0.00655141, 0.054342, -0.998481
1691009277.294899469: Position, 0.0199164, -0.0177634, 0.117451
 Orientation: -0.00547212, -0.00633542, 0.0538993, -0.998511
1691009277.595000075: Position, 0.0198883, -0.0176741, 0.117454
 Orientation: -0.00620973, -0.00646383, 0.0543243, -0.998483
1691009277.704547271: Position, 0.0198781, -0.0176672, 0.117452
 Orientation: -0.00632201, -0.00651346, 0.0543649, -0.99848
1691009278.254671770: Position, 0.0198808, -0.0176789, 0.117452
 Orientation: -0.00635328, -0.00649983, 0.0542797, -0.998484
1691009278.825052045: Position, 0.0218457, -0.0207217, 0.118537
 Orientation: -0.0655005, -0.020786, 0.0382342, -0.996903
1691009279.244470869: Position, 0.021849, -0.020724, 0.118573
 Orientation: -0.0677515, -0.0210726, 0.0382687, -0.996745
1691009279.654700022: Position, 0.0198739, -0.0176733, 0.117449
 Orientation: -0.00628251, -0.00647282, 0.0543542, -0.998481
1691009279.704560020: Position, 0.0198765, -0.0176633, 0.117443
 Orientation: -0.00634314, -0.00649688, 0.0543712, -0.99848
1691009279.854642853: Position, 0.0198768, -0.0176668, 0.117453
 Orientation: -0.00630138, -0.0065105, 0.0543418, -0.998481
1691009279.884610215: Position, 0.0218537, -0.0206994, 0.118568
 Orientation: -0.0672837, -0.0210012, 0.0382651, -0.996779
1691009279.904552783: Position, 0.0198756, -0.0176728, 0.117459
 Orientation: -0.00623714, -0.00649485, 0.0543699, -0.99848
1691009280.034694573: Position, 0.019917, -0.0177489, 0.117449
 Orientation: -0.00559943, -0.00633911, 0.053974, -0.998507
1691009280.074666334: Position, 0.0198859, -0.0176742, 0.117464
 Orientation: -0.00623426, -0.00647447, 0.0543676, -0.998481
1691009280.084569854: Position, 0.0198798, -0.0176681, 0.117445
 Orientation: -0.00637811, -0.00646879, 0.0543553, -0.99848
1691009280.304664141: Position, 0.019877, -0.0176744, 0.117454
 Orientation: -0.00618836, -0.00648498, 0.0543266, -0.998483
1691009280.364574290: Position, 0.0198808, -0.0176688, 0.117452
 Orientation: -0.00637544, -0.00648764, 0.0543475, -0.998481
1691009280.404626357: Position, 0.0218721, -0.0206857, 0.118543
 Orientation: -0.0661094, -0.0206422, 0.038419, -0.996859
1691009280.554614270: Position, 0.0218311, -0.0207278, 0.118536
 Orientation: -0.0658402, -0.0208479, 0.0381889, -0.996881
1691009281.044552904: Position, 0.0218456, -0.0207107, 0.118553
 Orientation: -0.0669295, -0.0209371, 0.0382933, -0.996803
1691009281.104931126: Position, 0.0198855, -0.0176668, 0.11746
 Orientation: -0.00629861, -0.00644284, 0.05432, -0.998483
1691009281.174834922: Position, 0.019891, -0.0176675, 0.11746
 Orientation: -0.00624197, -0.00644943, 0.0543329, -0.998483
1691009281.204660865: Position, 0.0218694, -0.0207025, 0.118561
 Orientation: -0.0673264, -0.0209808, 0.0382787, -0.996776
1691009281.304804272: Position, 0.0198888, -0.0176704, 0.11745
 Orientation: -0.00622144, -0.00642433, 0.0542789, -0.998486
1691009281.364861189: Position, 0.0198883, -0.0176745, 0.117467
 Orientation: -0.0061794, -0.00646735, 0.0542933, -0.998485
1691009281.404776318: Position, 0.0198851, -0.0176641, 0.117457
 Orientation: -0.0061203, -0.00643323, 0.0543388, -0.998483
1691009281.494680647: Position, 0.021843, -0.0207132, 0.118564
 Orientation: -0.0670544, -0.0210276, 0.0382665, -0.996794
1691009281.704522065: Position, 0.019879, -0.0176639, 0.117452
 Orientation: -0.00623427, -0.00648092, 0.0543542, -0.998481
1691009281.854565023: Position, 0.0198905, -0.0176646, 0.117457
 Orientation: -0.00626755, -0.0064687, 0.0543408, -0.998482
1691009281.904687407: Position, 0.0198896, -0.0176738, 0.117456
 Orientation: -0.00619344, -0.00649333, 0.0543688, -0.998481
1691009282.084736267: Position, 0.0198839, -0.017673, 0.117459
 Orientation: -0.00621792, -0.00645524, 0.0543593, -0.998481
1691009282.104858140: Position, 0.0215249, -0.0212675, 0.118987
 Orientation: -0.0836644, -0.0273288, 0.0365311, -0.995449
1691009282.374792416: Position, 0.0198743, -0.0176665, 0.117459
 Orientation: -0.00627392, -0.00651492, 0.0543583, -0.998481
1691009282.504778677: Position, 0.0198843, -0.0176746, 0.117458
 Orientation: -0.00618613, -0.00648409, 0.0543471, -0.998482
1691009282.534666953: Position, 0.0198854, -0.0176651, 0.11745
 Orientation: -0.00623407, -0.00648193, 0.0543651, -0.998481
1691009282.674566485: Position, 0.0198849, -0.0176691, 0.117455
 Orientation: -0.00626268, -0.00642137, 0.0543343, -0.998483
1691009282.734656917: Position, 0.0218237, -0.0207117, 0.11855
 Orientation: -0.067035, -0.0210795, 0.0382923, -0.996793
1691009282.804570291: Position, 0.0198893, -0.0176682, 0.117455
 Orientation: -0.00618039, -0.00645499, 0.0543225, -0.998483
1691009282.874664715: Position, 0.0198802, -0.0176714, 0.117455
 Orientation: -0.00625041, -0.0064773, 0.0543524, -0.998481
1691009282.884572133: Position, 0.0218432, -0.0207064, 0.118555
 Orientation: -0.0668004, -0.0208624, 0.0383526, -0.996811
1691009282.984522038: Position, 0.0216928, -0.0207784, 0.118499
 Orientation: -0.0682418, -0.0219339, 0.0380838, -0.9967
1691009282.994572315: Position, 0.0218302, -0.0207179, 0.118545
 Orientation: -0.0658304, -0.0208865, 0.0381545, -0.996882
1691009283.034524109: Position, 0.0218354, -0.0207173, 0.118535
 Orientation: -0.0657944, -0.0208063, 0.0381994, -0.996885
1691009283.114479951: Position, 0.0218334, -0.02071, 0.118555
 Orientation: -0.0669592, -0.0209799, 0.0383309, -0.996798
1691009283.174619733: Position, 0.0198791, -0.0176706, 0.11745
 Orientation: -0.00630371, -0.00647327, 0.0543679, -0.99848
1691009283.354528990: Position, 0.0198807, -0.0176667, 0.117457
 Orientation: -0.00622402, -0.00647692, 0.0543908, -0.998479
1691009283.384484127: Position, 0.0198832, -0.0176697, 0.11746
 Orientation: -0.00625503, -0.00648279, 0.054347, -0.998482
1691009283.394508832: Position, 0.0198833, -0.0176717, 0.117459
 Orientation: -0.00616188, -0.0064619, 0.0543614, -0.998481
1691009283.424423633: Position, 0.019882, -0.017676, 0.117459
 Orientation: -0.00624214, -0.006504, 0.0543564, -0.998481
1691009283.444446367: Position, 0.019878, -0.0176679, 0.117447
 Orientation: -0.0063316, -0.00650261, 0.0543706, -0.99848
1691009283.454462633: Position, 0.0218439, -0.0206996, 0.118578
 Orientation: -0.06754, -0.0211362, 0.0383523, -0.996755
1691009283.484575615: Position, 0.0218275, -0.0207223, 0.118543
 Orientation: -0.0656653, -0.020845, 0.0381945, -0.996893
1691009283.494484067: Position, 0.0198803, -0.0176711, 0.117451
 Orientation: -0.00631306, -0.00648517, 0.0543272, -0.998482
1691009283.514486499: Position, 0.0198813, -0.0176759, 0.117454
 Orientation: -0.00619979, -0.0065044, 0.0543314, -0.998483
1691009283.524565391: Position, 0.0198837, -0.0176646, 0.117461
 Orientation: -0.00623582, -0.00647679, 0.0543465, -0.998482
1691009283.534580460: Position, 0.0198913, -0.017672, 0.117461
 Orientation: -0.00628374, -0.00643677, 0.054308, -0.998484
1691009283.604458309: Position, 0.0218335, -0.0207224, 0.118552
 Orientation: -0.065994, -0.0208338, 0.0381874, -0.996871
1691009283.644645241: Position, 0.02183, -0.0206954, 0.118555
 Orientation: -0.0669701, -0.0209069, 0.0382832, -0.996801
1691009283.724539079: Position, 0.0218278, -0.0207238, 0.118554
 Orientation: -0.065935, -0.0209695, 0.0381622, -0.996873
1691009283.764699162: Position, 0.0198774, -0.0176705, 0.117454
 Orientation: -0.00633058, -0.00648674, 0.0543486, -0.998481
1691009283.794528493: Position, 0.0198767, -0.0176748, 0.11745
 Orientation: -0.00627036, -0.00652201, 0.0543691, -0.99848
1691009283.804450740: Position, 0.0198804, -0.0176745, 0.117453
 Orientation: -0.0062682, -0.00648049, 0.0542927, -0.998484
1691009283.814502759: Position, 0.0198842, -0.0176792, 0.117459
 Orientation: -0.00618044, -0.00648166, 0.0543609, -0.998481
1691009283.844541324: Position, 0.0218667, -0.0206997, 0.118567
 Orientation: -0.0670832, -0.0210071, 0.0383194, -0.99679
1691009283.854504230: Position, 0.0198841, -0.0176661, 0.117451
 Orientation: -0.00634291, -0.00655288, 0.054288, -0.998484
1691009283.884675441: Position, 0.0215041, -0.0212613, 0.118976
 Orientation: -0.0832945, -0.0272441, 0.0364997, -0.995484
1691009283.924711359: Position, 0.021849, -0.0206908, 0.118547
 Orientation: -0.0666001, -0.0207751, 0.0383463, -0.996826
1691009284.054683158: Position, 0.0216945, -0.0207804, 0.118499
 Orientation: -0.0684969, -0.0220135, 0.0381361, -0.996679
1691009284.084584800: Position, 0.0215217, -0.0212818, 0.118994
 Orientation: -0.084091, -0.0273586, 0.0364451, -0.995416
1691009284.124581289: Position, 0.0218435, -0.0206963, 0.118542
 Orientation: -0.0668206, -0.02087, 0.0383752, -0.996808
1691009284.154548954: Position, 0.0218452, -0.0207088, 0.118569
 Orientation: -0.0673102, -0.0210443, 0.0382897, -0.996775
1691009284.174602457: Position, 0.0198878, -0.0176681, 0.117465
 Orientation: -0.00617876, -0.00647831, 0.0543352, -0.998483
1691009284.234907302: Position, 0.0198831, -0.0176767, 0.117452
 Orientation: -0.00636974, -0.00645547, 0.0543822, -0.998479
1691009284.254616515: Position, 0.0218421, -0.020699, 0.118553
 Orientation: -0.0668114, -0.0208915, 0.0383968, -0.996808
1691009284.274568532: Position, 0.019877, -0.0176803, 0.117457
 Orientation: -0.00630247, -0.00650055, 0.0543669, -0.99848
1691009284.404634234: Position, 0.0198896, -0.0176773, 0.117465
 Orientation: -0.0062069, -0.00644145, 0.0543147, -0.998484
1691009284.564835542: Position, 0.0218432, -0.020712, 0.118557
 Orientation: -0.0668412, -0.0209001, 0.0383133, -0.996809
1691009284.584586324: Position, 0.0218308, -0.0207053, 0.118547
 Orientation: -0.067027, -0.0209185, 0.0383485, -0.996794
1691009284.594548748: Position, 0.0218422, -0.0207031, 0.118562
 Orientation: -0.0668025, -0.0208772, 0.0382985, -0.996812
1691009284.604551886: Position, 0.0198881, -0.017678, 0.117469
 Orientation: -0.00609853, -0.00645588, 0.054301, -0.998485
1691009284.604606695: Position, 0.0198822, -0.0176805, 0.117456
 Orientation: -0.00624853, -0.00644784, 0.0543679, -0.998481
1691009284.614530651: Position, 0.0218512, -0.0207148, 0.11856
 Orientation: -0.0673448, -0.0210212, 0.0383049, -0.996773
1691009284.654568662: Position, 0.0198812, -0.0176725, 0.117464
 Orientation: -0.00629056, -0.00649363, 0.0543822, -0.998479
1691009284.674554279: Position, 0.0198875, -0.017671, 0.117453
 Orientation: -0.00630431, -0.00644005, 0.0543328, -0.998482
1691009284.724728581: Position, 0.0198862, -0.017673, 0.117452
 Orientation: -0.00626397, -0.00647923, 0.0543239, -0.998483
1691009284.734625605: Position, 0.0198879, -0.0176799, 0.117448
 Orientation: -0.00614024, -0.0064345, 0.0543163, -0.998484
1691009284.744557630: Position, 0.0198788, -0.017672, 0.117447
 Orientation: -0.00638545, -0.00648141, 0.0543235, -0.998482
1691009284.794984293: Position, 0.0198818, -0.0176753, 0.11745
 Orientation: -0.00628109, -0.00652656, 0.0543309, -0.998482
1691009284.894913444: Position, 0.0198803, -0.017675, 0.117451
 Orientation: -0.00625353, -0.00650655, 0.0543413, -0.998482
1691009285.194964007: Position, 0.019878, -0.0176779, 0.117452
 Orientation: -0.00621864, -0.00644046, 0.0543614, -0.998481
1691009285.274538077: Position, 0.021823, -0.0206874, 0.118519
 Orientation: -0.0659851, -0.0206291, 0.0384429, -0.996866
1691009285.364457575: Position, 0.019883, -0.0176741, 0.117448
 Orientation: -0.00624841, -0.00644599, 0.0543205, -0.998483
1691009285.374415138: Position, 0.0198931, -0.0176724, 0.11746
 Orientation: -0.00631544, -0.00642926, 0.0543434, -0.998482
1691009285.464871491: Position, 0.0199058, -0.0177724, 0.117553
 Orientation: -0.00582654, -0.00568815, 0.0551187, -0.998447
1691009285.484585000: Position, 0.0198588, -0.0177368, 0.117479
 Orientation: -0.00615128, -0.00638491, 0.0548592, -0.998455
1691009285.574715351: Position, 0.0198849, -0.0176847, 0.117457
 Orientation: -0.00627859, -0.00647204, 0.0543373, -0.998482
1691009285.714974384: Position, 0.019875, -0.0176714, 0.117447
 Orientation: -0.00620176, -0.00653095, 0.0543576, -0.998481
1691009285.834579640: Position, 0.0218271, -0.0207186, 0.118541
 Orientation: -0.0656788, -0.0208878, 0.0382209, -0.99689
1691009285.924725466: Position, 0.019887, -0.0176727, 0.117449
 Orientation: -0.00632302, -0.00649078, 0.0543168, -0.998483
1691009285.934639483: Position, 0.0198868, -0.0176797, 0.117455
 Orientation: -0.00629087, -0.00648552, 0.0543157, -0.998483
1691009285.944596068: Position, 0.0198837, -0.01767, 0.117451
 Orientation: -0.00619997, -0.00645386, 0.0543213, -0.998483
1691009285.954441886: Position, 0.0199132, -0.0177431, 0.117419
 Orientation: -0.00624158, -0.00629545, 0.0539939, -0.998502
1691009286.054576661: Position, 0.0198804, -0.0176721, 0.117449
 Orientation: -0.00621032, -0.00645358, 0.0543063, -0.998484
1691009286.104633798: Position, 0.0198818, -0.0176763, 0.117457
 Orientation: -0.0061989, -0.00644439, 0.0543496, -0.998482
1691009286.254778983: Position, 0.0198828, -0.0176671, 0.117452
 Orientation: -0.00628706, -0.00649502, 0.0543256, -0.998482
1691009286.264681092: Position, 0.0215165, -0.0212757, 0.118997
 Orientation: -0.084114, -0.0274286, 0.0363948, -0.995413
1691009286.274578695: Position, 0.0198736, -0.0176747, 0.11745
 Orientation: -0.00626464, -0.00644973, 0.0543437, -0.998482
1691009286.364683216: Position, 0.0218465, -0.0207147, 0.11857
 Orientation: -0.0673889, -0.0210296, 0.0382799, -0.99677
1691009286.434948306: Position, 0.0217022, -0.0207619, 0.118505
 Orientation: -0.0681495, -0.0219224, 0.0382229, -0.996702
1691009286.454633604: Position, 0.0218579, -0.0207066, 0.118554
 Orientation: -0.0667722, -0.0208083, 0.0383469, -0.996814
1691009286.474513100: Position, 0.0198798, -0.0176743, 0.11746
 Orientation: -0.00623233, -0.00645021, 0.0543476, -0.998482
1691009286.574624085: Position, 0.0198823, -0.0176717, 0.117454
 Orientation: -0.00625186, -0.00646244, 0.0543278, -0.998483
1691009286.684609827: Position, 0.0198816, -0.0176702, 0.117449
 Orientation: -0.00625442, -0.00645604, 0.0543487, -0.998482
1691009286.704601196: Position, 0.0198796, -0.017674, 0.117454
 Orientation: -0.00618657, -0.00648355, 0.0543611, -0.998481
1691009286.854421858: Position, 0.021849, -0.0207234, 0.118587
 Orientation: -0.0680826, -0.0213187, 0.0382311, -0.996719
1691009286.904643893: Position, 0.0198762, -0.0176713, 0.117449
 Orientation: -0.00633436, -0.00641226, 0.0543684, -0.99848
1691009286.914587110: Position, 0.0198817, -0.0176736, 0.117443
 Orientation: -0.00621823, -0.00645757, 0.0543564, -0.998481
1691009287.004548474: Position, 0.0218543, -0.0206966, 0.118559
 Orientation: -0.0669303, -0.0209544, 0.0383171, -0.996801
1691009287.304931849: Position, 0.0198888, -0.0176726, 0.117456
 Orientation: -0.00628491, -0.00648682, 0.0543604, -0.998481
1691009287.314653812: Position, 0.0198828, -0.0176652, 0.117453
 Orientation: -0.00621595, -0.00646574, 0.0543597, -0.998481
1691009287.384896875: Position, 0.0198784, -0.0176699, 0.117454
 Orientation: -0.00618493, -0.00649648, 0.0543246, -0.998483
1691009287.514984263: Position, 0.0198749, -0.0176647, 0.117452
 Orientation: -0.00636141, -0.00651205, 0.0543689, -0.998479
1691009287.624768579: Position, 0.0198867, -0.0176791, 0.117452
 Orientation: -0.00618187, -0.00647034, 0.0543651, -0.998481
1691009287.794852881: Position, 0.0218467, -0.020716, 0.118568
 Orientation: -0.0668845, -0.0209187, 0.0383145, -0.996805
1691009287.824765468: Position, 0.0198823, -0.017677, 0.117451
 Orientation: -0.00624015, -0.00647716, 0.0543516, -0.998481
1691009287.874737811: Position, 0.0198765, -0.0176695, 0.117458
 Orientation: -0.00627284, -0.00651149, 0.0544036, -0.998478
1691009287.924673557: Position, 0.0218476, -0.0207081, 0.118566
 Orientation: -0.0669061, -0.0208985, 0.0383436, -0.996803
1691009287.944623107: Position, 0.0198803, -0.0176736, 0.117441
 Orientation: -0.00636578, -0.00649036, 0.0543418, -0.998481
1691009288.084932118: Position, 0.019874, -0.0176813, 0.117441
 Orientation: -0.00631933, -0.00649428, 0.0543817, -0.998479
1691009288.124676933: Position, 0.0198838, -0.0176792, 0.117459
 Orientation: -0.00610207, -0.00648032, 0.0543169, -0.998484
1691009288.204852720: Position, 0.0218279, -0.0207279, 0.118537
 Orientation: -0.0656796, -0.020837, 0.038217, -0.996891
1691009288.234606088: Position, 0.0218499, -0.0206932, 0.118556
 Orientation: -0.0667262, -0.020851, 0.0383308, -0.996817
1691009288.384878062: Position, 0.0198749, -0.0176749, 0.117444
 Orientation: -0.00627471, -0.00647549, 0.0543252, -0.998483
1691009288.524776825: Position, 0.0198806, -0.0176789, 0.117453
 Orientation: -0.00629079, -0.00648329, 0.0543271, -0.998482
1691009288.534644339: Position, 0.0198848, -0.0176809, 0.117463
 Orientation: -0.00638102, -0.00653898, 0.0543127, -0.998482
1691009288.804794066: Position, 0.0215251, -0.0212847, 0.118961
 Orientation: -0.082328, -0.0270191, 0.0364022, -0.995574
1691009288.864914662: Position, 0.0218298, -0.0207347, 0.118546
 Orientation: -0.0660584, -0.0209855, 0.03815, -0.996865
1691009288.894595399: Position, 0.0198849, -0.0176631, 0.117447
 Orientation: -0.00637653, -0.00647452, 0.0543696, -0.99848
1691009288.904550351: Position, 0.0198841, -0.0176758, 0.117451
 Orientation: -0.00628296, -0.00643912, 0.0543749, -0.99848
1691009288.954758506: Position, 0.0198805, -0.0176827, 0.117464
 Orientation: -0.00621675, -0.00648266, 0.0543319, -0.998483
1691009288.994609666: Position, 0.0198798, -0.0176762, 0.117453
 Orientation: -0.0062123, -0.00646425, 0.0543619, -0.998481
1691009289.084753772: Position, 0.0218334, -0.0207138, 0.11853
 Orientation: -0.0656332, -0.0208196, 0.0382187, -0.996894
1691009289.104605740: Position, 0.0218408, -0.020705, 0.118551
 Orientation: -0.0670097, -0.0209581, 0.0383107, -0.996796
1691009289.124620703: Position, 0.0218465, -0.0207148, 0.118555
 Orientation: -0.0669949, -0.0208941, 0.0383227, -0.996798
1691009289.134580440: Position, 0.0198885, -0.0176773, 0.117462
 Orientation: -0.00620464, -0.00645489, 0.0543468, -0.998482
1691009289.164615715: Position, 0.0218451, -0.0207023, 0.118546
 Orientation: -0.0669121, -0.0208614, 0.0383292, -0.996804
1691009289.204584307: Position, 0.0218343, -0.0207197, 0.118567
 Orientation: -0.067734, -0.0212817, 0.0382217, -0.996744
1691009289.204654752: Position, 0.0218404, -0.020704, 0.11856
 Orientation: -0.0669192, -0.0209834, 0.0382657, -0.996804
1691009289.244821867: Position, 0.0218299, -0.0207009, 0.11856
 Orientation: -0.0671517, -0.0210091, 0.0383131, -0.996786
1691009289.264603107: Position, 0.0218441, -0.0206973, 0.118543
 Orientation: -0.0667791, -0.0208215, 0.0383702, -0.996812
1691009289.274520067: Position, 0.0218233, -0.0207117, 0.118523
 Orientation: -0.0650794, -0.0206353, 0.038249, -0.996933
1691009289.284556655: Position, 0.0218499, -0.0206907, 0.118526
 Orientation: -0.0663218, -0.0206947, 0.0383669, -0.996846
1691009289.324560793: Position, 0.0218311, -0.0206933, 0.118545
 Orientation: -0.0668795, -0.0208894, 0.0383582, -0.996805
1691009289.354613613: Position, 0.0218708, -0.0207124, 0.118511
 Orientation: -0.0648797, -0.0204821, 0.0383964, -0.996944
1691009289.354670631: Position, 0.0198857, -0.0176683, 0.117458
 Orientation: -0.00619562, -0.00647187, 0.0543124, -0.998484
1691009289.414550405: Position, 0.0218515, -0.0207151, 0.118566
 Orientation: -0.0671107, -0.0209496, 0.0382974, -0.99679
1691009289.434589910: Position, 0.0198809, -0.0176715, 0.117457
 Orientation: -0.00628405, -0.00651346, 0.0543185, -0.998483
1691009289.454462215: Position, 0.0208972, -0.0224336, 0.118652
 Orientation: -0.132669, -0.036054, 0.0322316, -0.98998
1691009289.464430992: Position, 0.0218463, -0.0206993, 0.118563
 Orientation: -0.067105, -0.0208649, 0.0382967, -0.996792
1691009289.494798123: Position, 0.0209068, -0.0224335, 0.11865
 Orientation: -0.132161, -0.0360049, 0.0322897, -0.990048
1691009289.564880643: Position, 0.0198806, -0.0176701, 0.117445
 Orientation: -0.00640609, -0.00648135, 0.0543548, -0.99848
1691009289.794678954: Position, 0.0198739, -0.0176654, 0.117448
 Orientation: -0.00624971, -0.00645696, 0.0543453, -0.998482
1691009289.844658453: Position, 0.0198815, -0.0176698, 0.117446
 Orientation: -0.00634737, -0.0064609, 0.0543801, -0.998479
1691009289.954781881: Position, 0.0198751, -0.0176766, 0.117461
 Orientation: -0.00624638, -0.00646122, 0.054388, -0.998479
1691009290.054824646: Position, 0.0198835, -0.017675, 0.11745
 Orientation: -0.00629005, -0.00649838, 0.0543491, -0.998481
1691009290.304904749: Position, 0.0198798, -0.0176692, 0.117447
 Orientation: -0.00630742, -0.00648265, 0.054339, -0.998482
1691009290.314660431: Position, 0.0198799, -0.0176711, 0.117443
 Orientation: -0.00630645, -0.00650045, 0.054354, -0.998481
1691009290.354428168: Position, 0.0199273, -0.01775, 0.117401
 Orientation: -0.00620926, -0.00622572, 0.0539499, -0.998505
1691009290.404616718: Position, 0.0198866, -0.0176751, 0.117449
 Orientation: -0.00627201, -0.00645617, 0.0542917, -0.998485
1691009290.474751610: Position, 0.0218226, -0.020733, 0.118539
 Orientation: -0.0659163, -0.0209526, 0.0381643, -0.996875
1691009290.654768319: Position, 0.0198787, -0.0176794, 0.117457
 Orientation: -0.00632913, -0.00649161, 0.0543504, -0.998481
1691009290.784912686: Position, 0.0218528, -0.0207177, 0.118572
 Orientation: -0.0674225, -0.0211636, 0.0382147, -0.996768
1691009290.804658497: Position, 0.0218409, -0.0207138, 0.118563
 Orientation: -0.0671673, -0.020942, 0.0382783, -0.996787
1691009290.854756373: Position, 0.0198856, -0.0176723, 0.117456
 Orientation: -0.00625732, -0.00648408, 0.0543563, -0.998481
1691009290.884901580: Position, 0.0198782, -0.0176682, 0.117442
 Orientation: -0.00624367, -0.00649283, 0.0543183, -0.998483
1691009290.934895817: Position, 0.0198814, -0.0176799, 0.117453
 Orientation: -0.00621235, -0.00649614, 0.0543144, -0.998483
1691009290.954638442: Position, 0.0198841, -0.0176683, 0.117459
 Orientation: -0.00637257, -0.00649449, 0.0543464, -0.998481
1691009290.974570528: Position, 0.0198862, -0.0176823, 0.11744
 Orientation: -0.00622241, -0.00649514, 0.0543474, -0.998482
1691009291.014605893: Position, 0.0198747, -0.0176737, 0.117444
 Orientation: -0.00616688, -0.00648032, 0.0543589, -0.998481
1691009291.074709970: Position, 0.0198773, -0.01767, 0.117455
 Orientation: -0.00636028, -0.00650246, 0.0543644, -0.99848
1691009291.104822312: Position, 0.0198896, -0.0176625, 0.117452
 Orientation: -0.0062173, -0.00644391, 0.054352, -0.998482
1691009291.164888248: Position, 0.0218519, -0.0207184, 0.118582
 Orientation: -0.0677067, -0.021203, 0.0382365, -0.996747
1691009291.194626936: Position, 0.0198808, -0.0176642, 0.117459
 Orientation: -0.00627484, -0.0065131, 0.0543362, -0.998482
1691009291.244793080: Position, 0.0198799, -0.0176698, 0.117451
 Orientation: -0.00630466, -0.00648787, 0.0543688, -0.99848
1691009291.264652500: Position, 0.0218296, -0.0207353, 0.118542
 Orientation: -0.0659621, -0.0209476, 0.0381719, -0.996872
1691009291.324770631: Position, 0.0218353, -0.0207079, 0.118559
 Orientation: -0.0671413, -0.0209952, 0.0382989, -0.996787
1691009291.444968693: Position, 0.0218483, -0.0206884, 0.118536
 Orientation: -0.0664219, -0.020787, 0.0383258, -0.996839
1691009291.474770300: Position, 0.0198827, -0.0176659, 0.117454
 Orientation: -0.00639639, -0.00650969, 0.0543718, -0.998479
1691009291.484691052: Position, 0.0198871, -0.017684, 0.117455
 Orientation: -0.00613677, -0.00647671, 0.0542966, -0.998485
1691009291.534739023: Position, 0.0198896, -0.0176677, 0.117455
 Orientation: -0.00624791, -0.00647408, 0.0543244, -0.998483
1691009291.624783545: Position, 0.0215328, -0.0212942, 0.118983
 Orientation: -0.0828647, -0.0272365, 0.0363141, -0.995526
1691009291.664945268: Position, 0.0198806, -0.0176709, 0.117459
 Orientation: -0.00614737, -0.00645338, 0.0543375, -0.998483
1691009291.804841467: Position, 0.0218442, -0.0207125, 0.118576
 Orientation: -0.0675783, -0.021145, 0.03828, -0.996755
1691009291.924956197: Position, 0.0218615, -0.0206807, 0.118552
 Orientation: -0.0666872, -0.0207753, 0.0384362, -0.996817
1691009292.104828859: Position, 0.0198854, -0.0176743, 0.117454
 Orientation: -0.00625098, -0.0064553, 0.0543177, -0.998483
1691009292.114689106: Position, 0.0218365, -0.0206906, 0.118547
 Orientation: -0.0665731, -0.0207864, 0.0383526, -0.996827
1691009292.154950836: Position, 0.019886, -0.0176751, 0.117453
 Orientation: -0.00622398, -0.00645037, 0.0543256, -0.998483
1691009292.155054057: Position, 0.0218605, -0.0206974, 0.118557
 Orientation: -0.0669825, -0.020974, 0.0382882, -0.996799
1691009292.184405654: Position, 0.0199144, -0.0177413, 0.117403
 Orientation: -0.00620143, -0.00624623, 0.0540199, -0.998501
1691009292.234534669: Position, 0.0218538, -0.0207002, 0.118576
 Orientation: -0.067303, -0.0210898, 0.0383148, -0.996774
1691009292.244462474: Position, 0.0216929, -0.020766, 0.118488
 Orientation: -0.0676149, -0.0217323, 0.0382198, -0.996742
1691009292.304721131: Position, 0.0218177, -0.0207354, 0.118539
 Orientation: -0.0658987, -0.0209495, 0.0381669, -0.996876
1691009292.314599253: Position, 0.0209059, -0.0224415, 0.118626
 Orientation: -0.132934, -0.0359781, 0.0321979, -0.989948
1691009292.324602003: Position, 0.0209016, -0.0224509, 0.118614
 Orientation: -0.131489, -0.035621, 0.032184, -0.990155
1691009292.494955434: Position, 0.0198835, -0.0176781, 0.11746
 Orientation: -0.00629698, -0.00643072, 0.0543119, -0.998483
1691009292.524843195: Position, 0.0198833, -0.0176748, 0.117457
 Orientation: -0.00621412, -0.0064476, 0.0543498, -0.998482
1691009292.704848164: Position, 0.0218487, -0.0206836, 0.118545
 Orientation: -0.0663828, -0.0207322, 0.0384127, -0.996839
